<application>
  <component name="FeatureSuggesterSettings">
    <option name="workingDays">
      <list>
        <option value="1650140603437" />
        <option value="1650553749197" />
        <option value="1650620035914" />
        <option value="1651336913419" />
        <option value="1651419761007" />
        <option value="1651503599264" />
        <option value="1651597557568" />
        <option value="1652030212758" />
        <option value="1652265744352" />
        <option value="1652346251598" />
        <option value="1652458738550" />
        <option value="1652556539878" />
        <option value="1652628874510" />
        <option value="1652732800014" />
        <option value="1652788458512" />
        <option value="1652992334111" />
        <option value="1652994987524" />
        <option value="1653134362772" />
        <option value="1653166812381" />
        <option value="1653256094666" />
        <option value="1653341031302" />
      </list>
    </option>
  </component>
</application>