<application>
  <component name="FileTypeManager" version="18">
    <extensionMap>
      <mapping pattern=".env" type="PLAIN_TEXT" />
      <mapping ext="sum" type="PLAIN_TEXT" />
      <mapping ext="plantuml" type="PlantUML file" />
      <removed_mapping ext="csv" approved="true" type="CSV/TSV" />
      <removed_mapping ext="ignore" approved="true" type="IgnoreLang file" />
      <removed_mapping ext="qrc" approved="true" type="XML" />
      <removed_mapping ext="tsv" approved="true" type="CSV/TSV" />
      <removed_mapping pattern=".env" approved="true" type=".env file" />
      <removed_mapping pattern="main.yaml" approved="true" type="Ansible" />
      <removed_mapping pattern="main.yml" approved="true" type="Ansible" />
    </extensionMap>
  </component>
</application>