<application>
  <component name="AppStorage">
    <histories>
      <item value="expected" />
      <item value="destination" />
      <item value="diagram" />
      <item value="SELECT" />
      <item value="Unites" />
      <item value="variable" />
      <item value="nill" />
      <item value="invalid" />
      <item value="chat name is invalid" />
      <item value="invalid chat name" />
      <item value="invalid count users" />
      <item value="parse users" />
      <item value="parse input users" />
      <item value="input data invalid" />
      <item value="users in input data invalid" />
      <item value="usecase create chat" />
      <item value="get chat repository" />
      <item value="Get Chat Repository" />
      <item value="chat ID validation in the database" />
      <item value="validate chat ID in the database" />
      <item value="create chat begin transaction" />
      <item value="create chat transaction" />
      <item value="error create chat transaction" />
      <item value="create chat transaction error" />
      <item value="error user validation in the database" />
      <item value="invalid input user ID" />
      <item value="error validation input user ID" />
      <item value="validation" />
      <item value="error validation chat ID" />
      <item value="error validate user ID" />
      <item value="existence" />
      <item value="expectations" />
      <item value="exist" />
      <item value="Exist" />
      <item value="implement" />
      <item value="uniqueness" />
      <item value="unique" />
      <item value="handle the error" />
      <item value="Get encode cursor" />
      <item value="executes a query that returns rows, typically a SELECT. The args are for any placeholder parameters in the query." />
      <item value="fetch" />
      <item value="Decode" />
      <item value="Encode" />
      <item value="org.apache.http.No Http Response Exception" />
      <item value="ParseForm populates r.Form and r.PostForm. For all requests, ParseForm parses the raw query from the URL and updates r.Form. For POST, PUT, and PATCH requests, it also reads the request body, parses it as a form and puts the results into both r.PostForm and r.Form. Request body parameters take precedence over URL query string values in r.Form. If the request Body's size has not already been limited by MaxBytesReader, the size is capped at 10MB. For other HTTP methods, or when the Content-Type is not applicationx-www-form-urlencoded, the request Body is not read, and r.PostForm is initialized to a non-nil, empty value." />
      <item value="see" />
      <item value="issue" />
      <item value="Completion suggestions are now ordered with the help of a machine learning algorithm. Press “Enable decorations” to display position changes and have relevant items highlighted." />
    </histories>
    <option name="languageScores">
      <map>
        <entry key="ENGLISH" value="50" />
        <entry key="RUSSIAN" value="50" />
      </map>
    </option>
  </component>
  <component name="Cache">
    <option name="lastTrimTime" value="1634996864287" />
  </component>
</application>