<application>
  <component name="AppStorage">
    <histories>
      <item value="add delivery for balance entity and change models" />
      <item value="candidate" />
      <item value="mapping in model" />
      <item value="Create new user balance" />
      <item value="Currency" />
      <item value="funds" />
      <item value="Represents request for accrual or reduction of users balance." />
      <item value="Represents request for accrual or reduction of money" />
      <item value="billing" />
      <item value="If sender is other microservice" />
      <item value="Уникальный ID отправителя" />
      <item value="Three capital letters are used" />
      <item value="Currency type" />
      <item value="temporarily" />
      <item value="infinity" />
      <item value="traverse" />
      <item value="reciever" />
      <item value="State change status" />
      <item value="Represents" />
      <item value="Микросервис для работы с балансом пользователей" />
      <item value="Booking related messages" />
      <item value="transaction" />
      <item value="Response" />
      <item value="currency" />
      <item value="queue" />
      <item value="queu" />
      <item value="External" />
      <item value="Extended" />
      <item value="fin" />
      <item value="expires" />
      <item value="breadth" />
      <item value="pivot" />
      <item value="expected" />
      <item value="destination" />
      <item value="diagram" />
      <item value="SELECT" />
      <item value="Unites" />
      <item value="variable" />
      <item value="nill" />
      <item value="invalid" />
      <item value="chat name is invalid" />
      <item value="invalid chat name" />
      <item value="invalid count users" />
      <item value="parse users" />
      <item value="parse input users" />
      <item value="input data invalid" />
      <item value="users in input data invalid" />
      <item value="usecase create chat" />
      <item value="get chat repository" />
      <item value="Get Chat Repository" />
    </histories>
    <option name="languageScores">
      <map>
        <entry key="ENGLISH" value="83" />
        <entry key="RUSSIAN" value="83" />
        <entry key="FRENCH" value="2" />
      </map>
    </option>
  </component>
  <component name="Cache">
    <option name="lastTrimTime" value="1637093814001" />
  </component>
</application>