<application>
  <component name="AppStorage">
    <option name="newTranslationDialogWidth" value="596" />
    <option name="newTranslationDialogX" value="796" />
    <option name="newTranslationDialogY" value="449" />
    <histories>
      <item value="undefined" />
      <item value="negative" />
      <item value="positive" />
      <item value="fatal: refusing to merge unrelated histories" />
      <item value="main" />
      <item value="Sprintf" />
    </histories>
    <option name="languageScores">
      <map>
        <entry key="ENGLISH" value="8" />
        <entry key="RUSSIAN" value="8" />
      </map>
    </option>
  </component>
  <component name="Cache">
    <option name="lastTrimTime" value="1653002805108" />
  </component>
</application>