<profile version="1.0">
  <option name="myName" value="Default" />
  <inspection_tool class="PyPackageRequirementsInspection" enabled="true" level="WARNING" enabled_by_default="true">
    <option name="ignoredPackages">
      <value>
        <list size="3">
          <item index="0" class="java.lang.String" itemvalue="Pygments" />
          <item index="1" class="java.lang.String" itemvalue="pygments-pytest" />
          <item index="2" class="java.lang.String" itemvalue="setuptools" />
        </list>
      </value>
    </option>
  </inspection_tool>
</profile>