<application>
  <component name="FileTypeManager" version="18">
    <ignoreFiles list="*$py.class;*.pyc;*.pyo;*.rbc;*.yarb;*~;.DS_Store;.git;.hg;.svn;CVS;__pycache__;_svn;vssver.scc;vssver2.scc;" />
    <extensionMap>
      <mapping pattern=".dockerignore" type="AUTO_DETECTED" />
      <mapping pattern="PG_VERSION" type="AUTO_DETECTED" />
      <mapping pattern=".env.dev" type="AUTO_DETECTED" />
      <mapping ext="rst " type="Native" />
      <mapping pattern=".dockerenv" type="PLAIN_TEXT" />
      <mapping ext="opts" type="PLAIN_TEXT" />
      <mapping ext="conf" type="PLAIN_TEXT" />
      <removed_mapping ext="csv" approved="true" type="CSV/TSV" />
      <removed_mapping ext="env" approved="true" type="Env File" />
      <removed_mapping ext="ignore" approved="true" type="IgnoreLang file" />
      <removed_mapping ext="sql" approved="true" type="DBN-SQL" />
      <removed_mapping ext="tsv" approved="true" type="CSV/TSV" />
      <removed_mapping pattern=".env" approved="true" type="Env File" />
      <removed_mapping pattern=".env.*" approved="true" type="Env File" />
    </extensionMap>
  </component>
</application>