<application>
  <component name="GraziConfig">
    <option name="enabledLanguages">
      <set>
        <option value="English (US)" />
        <option value="Russian" />
      </set>
    </option>
    <option name="userDisabledRules">
      <set>
        <option value="ABBREVIATION_PUNCTUATION" />
        <option value="ABLE_TO_PASSIVE" />
        <option value="ABLE_VBP" />
        <option value="ABOUT_ITS_NN" />
        <option value="ABOUT_TO_VBD" />
        <option value="ABOUT_WHO_TO" />
        <option value="ABSORB_AT_IN" />
        <option value="ACCEPT_EXCEPT" />
        <option value="ACCOMPANY_WITH" />
        <option value="ACCORDING_TO" />
        <option value="ACCORDING_TO_ME" />
        <option value="ACCOUNTS_FOR" />
        <option value="ACCUSED_OF_A_CHARGE_CHARGED_WITH" />
        <option value="ACCUSE_FOR_OFF" />
        <option value="ACCUSTOMED_TO" />
        <option value="ACCUSTOM_WITH_TO" />
        <option value="ACHE_COMPOUNDS" />
        <option value="ACTIVE_ACTIVATE" />
        <option value="ADDICTION_TO_OF" />
        <option value="ADD_AN_ADDITIONAL" />
        <option value="ADD_NO" />
        <option value="ADEQUATE_ENOUGH" />
        <option value="ADJECTIVE_ADVERB" />
        <option value="ADJECTIVE_IN_ATTRIBUTE" />
        <option value="ADMIN_ADMIT" />
        <option value="ADMITTED_AT_TO" />
        <option value="ADMIT_ENJOY_VB" />
        <option value="ADOPT_TO" />
        <option value="ADVERB_OR_HYPHENATED_ADJECTIVE" />
        <option value="ADVERB_VERB_ADVERB_REPETITION" />
        <option value="ADVERB_WORD_ORDER" />
        <option value="ADVERSE_AVERSE" />
        <option value="ADVERTISEMENT_OF_FOR" />
        <option value="ADVICE_ADVISE" />
        <option value="ADVISE_VBG" />
        <option value="AD_ADD" />
        <option value="AD_AND" />
        <option value="AD_NAUSEUM" />
        <option value="AFFECT_EFFECT" />
        <option value="AFFORD_VB" />
        <option value="AFFORD_VBG" />
        <option value="AFRAID_FROM_OF" />
        <option value="AFRAID_OF_HEIGHT" />
        <option value="AFRO_AMERICAN_HYPHEN" />
        <option value="AFTERALL" />
        <option value="AFTERMARKET" />
        <option value="AFTER_BEEN" />
        <option value="AFTER_NOON" />
        <option value="AGREEMENT_QUESTION" />
        <option value="AGREEMENT_SENT_START_2" />
        <option value="AGREE_WITH_THE_FACT" />
        <option value="AH_HA" />
        <option value="AIM_ON_AT" />
        <option value="AIRCRAFTS" />
        <option value="AIRPLANE_HANGER" />
        <option value="AIR_BORNE_AIRBORN" />
        <option value="AIR_COMPOUNDS" />
        <option value="ALA_MODE" />
        <option value="ALINE" />
        <option value="ALKA_SELTZER" />
        <option value="ALLOT_OF" />
        <option value="ALLOW_TO" />
        <option value="ALLOW_TO_DO" />
        <option value="ALLTHOUGH" />
        <option value="ALLUDE_ELUDE" />
        <option value="ALLY_ALLAY" />
        <option value="ALL_AND_ALL" />
        <option value="ALL_BE_IT" />
        <option value="ALL_FOR_NOT" />
        <option value="ALL_GIRLS_HYPHEN" />
        <option value="ALL_IN_ONE_HYPHEN" />
        <option value="ALL_KNOWING_HYPHEN" />
        <option value="ALL_MOST" />
        <option value="ALL_MOST_SOME_OF_NOUN" />
        <option value="ALL_NN" />
        <option value="ALL_OF_A_SUDDEN" />
        <option value="ALL_OF_THE" />
        <option value="ALL_OF_THE_SUDDEN" />
        <option value="ALL_OVER_THE_WORD" />
        <option value="ALL_THE_FARTHER" />
        <option value="ALL_THE_FURTHER" />
        <option value="ALL_TIME_HYPHEN" />
        <option value="ALL_WAYS" />
        <option value="ALL_WHEEL" />
        <option value="ALL_YOU_CAN_EAT_HYPHEN" />
        <option value="ALONG_SIDE" />
        <option value="ALONG_THE_SAME_VEIN" />
        <option value="ALONG_TIME" />
        <option value="ALREADY_ALL_READY" />
        <option value="ALSO_KNOW" />
        <option value="ALSO_OTHER" />
        <option value="ALTER_ALTAR" />
        <option value="ALZHEIMERS" />
        <option value="AL_ALL" />
        <option value="AMENABLE_AMENDABLE" />
        <option value="AMERICANO" />
        <option value="AM_I" />
        <option value="AM_IN_THE_MORNING" />
        <option value="AM_LOATHE_TO" />
        <option value="AM_PM" />
        <option value="AM_PM_OCLOCK" />
        <option value="ANALYSIS_ABOUT" />
        <option value="ANALYSIS_IF" />
        <option value="AND_END" />
        <option value="AND_ETC" />
        <option value="AND_SO_FOURTH" />
        <option value="AND_SO_ONE" />
        <option value="AND_THAN" />
        <option value="ANGRY_AGAINST_WITH" />
        <option value="ANGRY_WITH_ABOUT" />
        <option value="ANINFOR_EVERY_DAY" />
        <option value="ANI_T" />
        <option value="ANOTHER_WORDS" />
        <option value="ANS_AND" />
        <option value="ANTI_AMERICAN_HYPHEN" />
        <option value="ANUS_ANGUS" />
        <option value="ANXIOUS_OF_ABOUT" />
        <option value="ANYMORE_ADVERB" />
        <option value="ANY_BODY" />
        <option value="ANY_MORE" />
        <option value="ANY_WHERE" />
        <option value="AN_AND" />
        <option value="AN_ANOTHER" />
        <option value="AN_ARE" />
        <option value="AN_A_PRIORY" />
        <option value="AN_INVITE" />
        <option value="AN_THEN" />
        <option value="AN_VB_PRP" />
        <option value="APART_A_PART" />
        <option value="APART_FORM" />
        <option value="APOSTROPHE_PLURAL" />
        <option value="APOSTROPHE_UPPERCASE_LETTER" />
        <option value="APOS_ARE" />
        <option value="APOS_RE" />
        <option value="APPLE_PRODUCTS" />
        <option value="APPLY_FOR" />
        <option value="APPLY_TO" />
        <option value="APPROXIMATELY_ABOUT" />
        <option value="APPSTORE" />
        <option value="APRIL_FOOLS" />
        <option value="ARCHITECT_VERB" />
        <option value="AREA_51" />
        <option value="ARE_OUR" />
        <option value="ARE_STILL_THE_SOME" />
        <option value="ARRIVAL_TO_THE_HOUSE" />
        <option value="ARRIVED_IN" />
        <option value="ARRIVE_AT_IN" />
        <option value="ARRIVE_NNP" />
        <option value="ARRIVE_ON_AT_THE_BEACH" />
        <option value="ARTICLE_ADJECTIVE_OF" />
        <option value="ARTICLE_UNNECESSARY" />
        <option value="ASCETIC_ACID" />
        <option value="ASHAMED_FROM" />
        <option value="ASK_NO_PREPOSITION" />
        <option value="ASK_THE_QUESTION" />
        <option value="ASK_TO" />
        <option value="ASK_WETHER" />
        <option value="ASSASSINS_CREED" />
        <option value="ASSES_ASSESS" />
        <option value="ASSOCIATES_TO" />
        <option value="ASSOCIATE_TOGETHER" />
        <option value="AS_ADJ_AS" />
        <option value="AS_FOLLOW" />
        <option value="AS_FOLLOW_AS_FOLLOWS" />
        <option value="AS_IS_VBG" />
        <option value="AS_OF_YET" />
        <option value="AS_OPPOSE_TO_AS_OPPOSED_TO" />
        <option value="AS_TIME_PROGRESSED" />
        <option value="AS_WELL_AS_BETTER" />
        <option value="AS_WILL_AS" />
        <option value="ATD_VERBS_TO_COLLOCATION" />
        <option value="ATM_MACHINE" />
        <option value="AT_AS" />
        <option value="AT_CD_CLOCK" />
        <option value="AT_IN_THE_KITCHEN" />
        <option value="AT_THE_JOB" />
        <option value="AT_THE_REIGNS" />
        <option value="AT_THE_WEEKEND" />
        <option value="AT_TIME" />
        <option value="AU" />
        <option value="AUBERGINE" />
        <option value="AUTOBIOGRAPHY_OF_A_LIFE" />
        <option value="AUXILIARY_DO_WITH_INCORRECT_VERB_FORM" />
        <option value="AVE_HAVE" />
        <option value="AWAITING_FOR" />
        <option value="AWAY_AWAYS" />
        <option value="AWAY_FRO" />
        <option value="AXED_ASKED" />
        <option value="A_ATTACH" />
        <option value="A_BIT" />
        <option value="A_BIT_OF" />
        <option value="A_BLESS_DAY" />
        <option value="A_BUT" />
        <option value="A_CAPPELLA" />
        <option value="A_CD_NNS" />
        <option value="A_COLLECTIVE_OF_NN" />
        <option value="A_COMPLAIN" />
        <option value="A_GOOGLE" />
        <option value="A_HASTILY_WAY" />
        <option value="A_HAVE_VBN" />
        <option value="A_HUNDREDS" />
        <option value="A_INFINITIVE" />
        <option value="A_INFORMATION" />
        <option value="A_INSTALL" />
        <option value="A_IT_MORE" />
        <option value="A_KNOW_BUG" />
        <option value="A_LOT_OF_NN" />
        <option value="A_MD_VB" />
        <option value="A_MUCH_NN1" />
        <option value="A_MY" />
        <option value="A_NNS" />
        <option value="A_NNS_BEST_NN" />
        <option value="A_NUMBER_NNS" />
        <option value="A_OK" />
        <option value="A_OR" />
        <option value="A_QUITE_WHILE" />
        <option value="A_RB_NN" />
        <option value="A_SCISSOR" />
        <option value="A_SNICKERS" />
        <option value="A_STOKE" />
        <option value="A_THANK_YOU" />
        <option value="A_TO" />
        <option value="A_TRIP_TO" />
        <option value="A_UNCOUNTABLE" />
        <option value="A_WAS" />
        <option value="A_WINDOWS" />
        <option value="And" />
        <option value="BACHELOR_ABBR" />
        <option value="BACK_ABACK" />
        <option value="BACK_AND_FOURTH" />
        <option value="BACK_COMPOUNDS" />
        <option value="BACK_FIRE" />
        <option value="BACK_IN_FORTH" />
        <option value="BAITED_BREATH" />
        <option value="BALD-HEADED" />
        <option value="BALL_COMPOUNDS" />
        <option value="BAND_AID" />
        <option value="BARACK_OBAMA" />
        <option value="BARCA_DIACRITIC" />
        <option value="BARE_BONES_HYPHEN" />
        <option value="BARE_IN_MIND" />
        <option value="BARLEY_BARELY" />
        <option value="BAR_B_QUE" />
        <option value="BASE_BASIS" />
        <option value="BASE_FORM" />
        <option value="BASIC_FUNDAMENTALS" />
        <option value="BATTER_BETTER" />
        <option value="BAY_AREA" />
        <option value="BEAT_REGARDS" />
        <option value="BECAUSE_OF_I" />
        <option value="BECAUSE_OF_THE_FACT_THAT" />
        <option value="BECKON_CALL" />
        <option value="BED_ENGLISH" />
        <option value="BEEN_PART_AGREEMENT" />
        <option value="BEE_BEEN" />
        <option value="BEFORE_HAND" />
        <option value="BEGONE_BEGUN" />
        <option value="BEGS_BELIEF" />
        <option value="BEG_BAG" />
        <option value="BEING_BEGIN" />
        <option value="BELIEF_BELIEVE" />
        <option value="BELIEVE_BELIEF" />
        <option value="BELIEVE_TO_IN" />
        <option value="BELIVE_BELIEVE" />
        <option value="BELOW_BLOW" />
        <option value="BENDED" />
        <option value="BENTS_BENDS" />
        <option value="BESIDES_BESIDE" />
        <option value="BESTEST" />
        <option value="BEST_BUY" />
        <option value="BETTER_SAFE_THAN_SORRY" />
        <option value="BETWEEN_PRP" />
        <option value="BETWEEN_TO_AND" />
        <option value="BETWEEN_YOU_AND_I" />
        <option value="BEWARE_PREPOSITION" />
        <option value="BEYOND_THE_PAIL" />
        <option value="BE_ALOUD_TO" />
        <option value="BE_CAUSE" />
        <option value="BE_COME" />
        <option value="BE_COMPOUNDS" />
        <option value="BE_DONT" />
        <option value="BE_FINED_WITH" />
        <option value="BE_FOND_TO" />
        <option value="BE_HAVENT" />
        <option value="BE_INTEREST_IN" />
        <option value="BE_IN_UNDER_PRESSURE" />
        <option value="BE_IS" />
        <option value="BE_I_BE_GERUND" />
        <option value="BE_NO_VB" />
        <option value="BE_ON_IN_SHOCK" />
        <option value="BE_RB_BE" />
        <option value="BE_TO_VBG" />
        <option value="BE_USE_TO_DO" />
        <option value="BE_VBP_IN" />
        <option value="BE_WARE" />
        <option value="BE_WILL" />
        <option value="BIDDED" />
        <option value="BIOGRAPHY_OF_A_LIFE" />
        <option value="BITTER_IN_TASTE" />
        <option value="BIT_COIN" />
        <option value="BIT_HYPHEN" />
        <option value="BIVOUAC_CAMP_BIVOUAC" />
        <option value="BLACK_LIVES_MATTER" />
        <option value="BLACK_SEA" />
        <option value="BLIND_FOR_FROM" />
        <option value="BLU_RAY" />
        <option value="BOAST_FOR_OF" />
        <option value="BOB_WIRE" />
        <option value="BOEING_737_MAX" />
        <option value="BOLD_FACED" />
        <option value="BON_APPETITE" />
        <option value="BORED_OF" />
        <option value="BORN_HYPHEN" />
        <option value="BORN_IN" />
        <option value="BOTH_AS_WELL_AS" />
        <option value="BOTH_ENUM" />
        <option value="BOUT_TO" />
        <option value="BOX_COMPOUNDS" />
        <option value="BRAKE_AWAY_BREAK_AWAY" />
        <option value="BREAKER_COMPOUNDS" />
        <option value="BREAKING_COMPOUNDS" />
        <option value="BREAST_COMPOUNDS" />
        <option value="BREATHE_BREATH" />
        <option value="BREW_HAHA" />
        <option value="BRING_AT_TO" />
        <option value="BRING_PUN_ON_THE_AGENDA" />
        <option value="BROUGHT_THEM_IN_THE_AIRPORT" />
        <option value="BRUSSEL_SPROUT" />
        <option value="BU" />
        <option value="BUENOS_DIAS" />
        <option value="BUILD_OFF_OF" />
        <option value="BUILT_IN_HYPHEN" />
        <option value="BUNCH_OF" />
        <option value="BUTTLOAD" />
        <option value="BUY_TWO_GET_ONE_FREE" />
        <option value="BUY_VBG" />
        <option value="BYE_THE_WAY" />
        <option value="BY_BUY" />
        <option value="BY_DEFAULT_COMMA" />
        <option value="BY_EXAMPLE" />
        <option value="BY_PASS" />
        <option value="BY_PASSIVE_PARTICIPLE_BE" />
        <option value="CALENDER" />
        <option value="CALL_OF_DUTY" />
        <option value="CALL_TO_ACTION_HYPHEN" />
        <option value="CAME_IN_INTO" />
        <option value="CANT" />
        <option value="CAN_ABLE_TO" />
        <option value="CAN_ANYTHING" />
        <option value="CAN_BACKUP" />
        <option value="CAN_BLACKOUT" />
        <option value="CAN_CAB" />
        <option value="CAN_CHECKIN" />
        <option value="CAN_CHECKOUT" />
        <option value="CAN_WHAT" />
        <option value="CAPITALIZATION" />
        <option value="CAP_CORAL" />
        <option value="CARAT_HYPHEN" />
        <option value="CAREFUL_FOR_WITH" />
        <option value="CARRIES_CARIES" />
        <option value="CAR_CARE" />
        <option value="CAR_HYPHEN" />
        <option value="CAR_POOL_COMPOUND" />
        <option value="CASTED" />
        <option value="CATCH_ALL_HYPHEN" />
        <option value="CAUSE_BECAUSE" />
        <option value="CA_BRAND_NEW" />
        <option value="CA_BRICK_RED" />
        <option value="CA_BUG_EYED" />
        <option value="CA_CARD_CARRYING" />
        <option value="CA_COAST_TO_COAST" />
        <option value="CA_COOLING_OFF" />
        <option value="CA_CUT_AND_PASTE" />
        <option value="CA_CUT_THROAT" />
        <option value="CA_DOWN_AND_OUT" />
        <option value="CA_DO_OR_DIE" />
        <option value="CA_DUAL_PURPOSE" />
        <option value="CA_DUTY_FREE" />
        <option value="CA_EAGLE_EYED" />
        <option value="CA_EYE_CATCHING" />
        <option value="CA_FIRST_HAND" />
        <option value="CA_FLY_BY_NIGHT" />
        <option value="CA_FOLLOW_UP" />
        <option value="CA_HAND_TO_HAND" />
        <option value="CA_HEAD_TO_HEAD" />
        <option value="CA_HEAVY_DUTY" />
        <option value="CA_KNIFE_EDGE" />
        <option value="CA_MOM_AND_POP" />
        <option value="CA_NEW_LOOK" />
        <option value="CA_OUT_OF_BODY" />
        <option value="CA_PRP" />
        <option value="CA_RAGS_TO_RICHES" />
        <option value="CA_WALL_TO_WALL" />
        <option value="CC_IT_VBG" />
        <option value="CC_VERB" />
        <option value="CDROM" />
        <option value="CD_00_O_CLOCK" />
        <option value="CD_DISC" />
        <option value="CD_DOZENS_OF" />
        <option value="CD_NN" />
        <option value="CD_WEEK_S" />
        <option value="CHALK_FULL" />
        <option value="CHANCE_CHANGE" />
        <option value="CHECK_BOX_COMPOUND" />
        <option value="CHEEP_CHEAP" />
        <option value="CHILDISH_LANGUAGE" />
        <option value="CHILDRENS_DAY_APOSTROPHE" />
        <option value="CHOICE_CHOOSE" />
        <option value="CHOMPING_AT_THE_BIT" />
        <option value="CHRISTMAS" />
        <option value="CIRCUMSTANCES_SURROUNDING" />
        <option value="CLEAN_UP" />
        <option value="CLEAR_CUT_HYPHEN" />
        <option value="CLICK_HYPHEN" />
        <option value="CLOSER_FROM" />
        <option value="CLOSE_SCRUTINY" />
        <option value="COARSE_COURSE" />
        <option value="COCA_COLA" />
        <option value="COD_CODE" />
        <option value="COINCIDENT_COINCIDENCE" />
        <option value="COLD_COULD" />
        <option value="COLD_PLAY" />
        <option value="COLLECTIVE_NOUN_VERB_AGREEMENT_VBD" />
        <option value="COLLECTIVE_NOUN_VERB_AGREEMENT_VBP" />
        <option value="COMA_COMMA" />
        <option value="COMBINE_TOGETHER" />
        <option value="COME_IN_CAR" />
        <option value="COME_IN_TO" />
        <option value="COME_THROUGH" />
        <option value="COME_TO_PLANE" />
        <option value="COMFORTABLE_WITH_VBG" />
        <option value="COMMA_AFTER_A_MONTH" />
        <option value="COMMA_AND_NUMBERS" />
        <option value="COMMA_BEFORE_AND" />
        <option value="COMMA_COMPOUND_SENTENCE" />
        <option value="COMMA_PERIOD" />
        <option value="COMMA_TAG_QUESTION" />
        <option value="COMMA_THAN" />
        <option value="COMMA_THANKS" />
        <option value="COMMUTE_BACK_AND_FORTH" />
        <option value="COMPARISONS_AS_ADJECTIVE_AS" />
        <option value="COMPARISONS_NNS_THEN" />
        <option value="COMPARISONS_THEN" />
        <option value="COMPERE" />
        <option value="COMPERE_COMPARE" />
        <option value="COMPLAINS_COMPLAINTS" />
        <option value="COMPLAINT_COMPLAINED" />
        <option value="COMPLAINT_COMPLIANT" />
        <option value="COMPLAIN_FOR_ABOUT" />
        <option value="COMPLEMENT_COMPLIMENT" />
        <option value="COMPOSE_FROM_OF" />
        <option value="COMPRISED_OF" />
        <option value="COMP_THAN" />
        <option value="COM_COME" />
        <option value="CONCENTRATE_WITH_ON" />
        <option value="CONDITIONAL_CLAUSE" />
        <option value="CONFUSION_AWAIT_WAIT" />
        <option value="CONFUSION_AWL_ALL" />
        <option value="CONFUSION_DUE_DO" />
        <option value="CONFUSION_DURING_FOR" />
        <option value="CONFUSION_IT_IS" />
        <option value="CONFUSION_KNOT_NOT" />
        <option value="CONFUSION_OF_ADDICTING_ADDICITVE" />
        <option value="CONFUSION_OF_ANOTHER_IN_OTHER" />
        <option value="CONFUSION_OF_BEEN_BEING" />
        <option value="CONFUSION_OF_CORRAL_CORAL" />
        <option value="CONFUSION_OF_DECENT_DESCENT" />
        <option value="CONFUSION_OF_FOND_FUND" />
        <option value="CONFUSION_OF_GOLD_GOLF" />
        <option value="CONFUSION_OF_HART_HEART" />
        <option value="CONFUSION_OF_JIB_JOB" />
        <option value="CONFUSION_OF_MANS_MEN" />
        <option value="CONFUSION_OF_MARSHAL_MARTIAL" />
        <option value="CONFUSION_OF_MARS_MARS" />
        <option value="CONFUSION_OF_ME_I" />
        <option value="CONFUSION_OF_OUR_OUT" />
        <option value="CONFUSION_OF_RIDE_RID" />
        <option value="CONFUSION_OF_SATE_STATE" />
        <option value="CONFUSION_OF_SCEPTIC_SEPTIC" />
        <option value="CONFUSION_OF_SOBBER_SOBER" />
        <option value="CONFUSION_OF_THEN_THAN" />
        <option value="CONFUSION_OF_THESES_THESE" />
        <option value="CONFUSION_RIDE_RIGHT" />
        <option value="CONGRATULATIONS_FOR" />
        <option value="CONSEQUENCES_OF_FOR" />
        <option value="CONSIST_TO_OF" />
        <option value="CONSTELLATION_PRIZE" />
        <option value="CONSTITUTES_OF" />
        <option value="CONSTRUCTION_SIGHT" />
        <option value="CONTINUE_TO_REMAIN" />
        <option value="CONTRACTION_CASE" />
        <option value="CONTRACT_CONTACT" />
        <option value="COPY_PASTE" />
        <option value="COTE_D_AZUR" />
        <option value="COULDNT_CARELESS" />
        <option value="COULDVE" />
        <option value="COULDVE_IRREGULAR_VERB" />
        <option value="COULD_CARE_LESS" />
        <option value="COULD_GIVE_A_DAMN" />
        <option value="COULD_OF" />
        <option value="COUNSEL_GENERAL" />
        <option value="COUNTER_COMPOUNDS" />
        <option value="COUNTLESS_OF" />
        <option value="COUPLE_OF_TIMES" />
        <option value="COURSE_HYPHEN" />
        <option value="COVER_BY_IN" />
        <option value="COVID_19" />
        <option value="CRAZY_ON_WITH" />
        <option value="CROSS_COMPOUNDS" />
        <option value="CROWD_SOURCING" />
        <option value="CURATOR_OF" />
        <option value="CURE_AGAINST_FOR" />
        <option value="CURE_FROM_OF" />
        <option value="CURIOS_CURIOUS" />
        <option value="CURSING_THROUGH_VEINS" />
        <option value="CYBER_COMPOUNDS" />
        <option value="CYLINDER_HYPHEN" />
        <option value="DAILY_REGIMENT" />
        <option value="DAISY_CHAIN_HYPHEN" />
        <option value="DAMAGE_OF_TO" />
        <option value="DAMP_SQUID" />
        <option value="DARING-DO" />
        <option value="DAT" />
        <option value="DATE_FUTURE_VERB_PAST" />
        <option value="DATE_FUTURE_VERB_PAST_US" />
        <option value="DATE_NEW_YEAR" />
        <option value="DATE_WEEKDAY" />
        <option value="DATE_WEEKDAY_WITHOUT_YEAR" />
        <option value="DAY_DREAM_COMPOUND" />
        <option value="DAY_TO_DAY_HYPHEN" />
        <option value="DAY_TRADE_HYPHEN" />
        <option value="DEAD_LIFT_COMPOUND" />
        <option value="DEATH_NAIL" />
        <option value="DECEASE_DISEASE" />
        <option value="DEEP_SEEDED" />
        <option value="DEER_DEAR" />
        <option value="DEFUSE_BOMB" />
        <option value="DEGREE_CHANGE" />
        <option value="DEGREE_HYPHEN" />
        <option value="DELETE_SPACE" />
        <option value="DELIVERY_DELIVER" />
        <option value="DELTA_AIRLINES" />
        <option value="DEPARTURE_DEPART" />
        <option value="DEPARTURE_OF_FROM" />
        <option value="DEPENDENT" />
        <option value="DEPEND_ON" />
        <option value="DEPRIVE_FROM_OF" />
        <option value="DESCEND_DOWN" />
        <option value="DESERT_DESSERT" />
        <option value="DESIRE_ON_FOR" />
        <option value="DESPITE_OF" />
        <option value="DETERMINER_GEOGRAPHICAL_WORD" />
        <option value="DE_FACTOR" />
        <option value="DE_JURE_DU_JOUR" />
        <option value="DE_JURO" />
        <option value="DIDENT" />
        <option value="DIDINT" />
        <option value="DIDN_T_SAW" />
        <option value="DIDN_T_SPOKE" />
        <option value="DID_A_MISTAKE" />
        <option value="DID_BASEFORM" />
        <option value="DID_FOUND_AMBIGUOUS" />
        <option value="DID_PAST" />
        <option value="DIES_DOES" />
        <option value="DIE_DICE" />
        <option value="DIFFERENCE_ABOUT_BETWEEN" />
        <option value="DIFFERENT_TACT" />
        <option value="DIFFERENT_THAN" />
        <option value="DIFFICULT_TO_ME" />
        <option value="DIFFUSE_TENSIONS" />
        <option value="DINER_DINNER" />
        <option value="DIRECTLY_ANTITHETICAL" />
        <option value="DIS" />
        <option value="DISAPPOINTED_OF" />
        <option value="DISAPPOINT_FROM" />
        <option value="DISCUSSIONS_AROUND" />
        <option value="DISCUSS_ABOUT" />
        <option value="DISCUS_DISCUSS" />
        <option value="DISC_BREAK" />
        <option value="DIVERSITY_OF" />
        <option value="DOD_DID" />
        <option value="DOESENT" />
        <option value="DOES_NP_VBZ" />
        <option value="DOES_XX_CAN" />
        <option value="DOES_X_HAS" />
        <option value="DOES_YOU" />
        <option value="DOE_DOES" />
        <option value="DOE_SNOT" />
        <option value="DOG-EAT-DOG" />
        <option value="DOG_COMPOUNDS" />
        <option value="DOG_EAT_DOG_HYPHEN" />
        <option value="DOMINOS_PIZZA" />
        <option value="DONS_T" />
        <option value="DONTCHA" />
        <option value="DONT_NEEDS" />
        <option value="DONT_T" />
        <option value="DONT_WHAT" />
        <option value="DONT_WILL" />
        <option value="DON_DONE" />
        <option value="DON_T_AREN_T" />
        <option value="DOOR_COMPOUNDS" />
        <option value="DOOR_HYPHEN" />
        <option value="DOOR_JAM" />
        <option value="DOSE_DOES" />
        <option value="DOSNT" />
        <option value="DOS_AND_DONTS" />
        <option value="DOUBLE_CLICK_HYPHEN" />
        <option value="DOUBLE_HYPHEN" />
        <option value="DOUBLE_NEGATIVE" />
        <option value="DOUBLE_PUNCTUATION" />
        <option value="DOUBT_FOR_IN" />
        <option value="DOWNPAYMENT" />
        <option value="DOWN_COMPOUNDS" />
        <option value="DOWN_SIDE" />
        <option value="DO_ANYONE" />
        <option value="DO_ARTS" />
        <option value="DO_A_PARTY" />
        <option value="DO_DUE" />
        <option value="DO_HAVE_A_MEETING" />
        <option value="DO_HE_VERB" />
        <option value="DO_IT_YOURSELF_HYPHEN" />
        <option value="DO_NO_VB" />
        <option value="DO_OVER_HYPHEN" />
        <option value="DO_TO" />
        <option value="DO_TO_THE_FACT_THAT" />
        <option value="DO_TO_THE_LACK_OF" />
        <option value="DO_VBZ" />
        <option value="DO_VBZ_AMBIGUOUS_VERB" />
        <option value="DO_YOU_WHAT" />
        <option value="DRESS_WITH_IN" />
        <option value="DROP_DOWN" />
        <option value="DROP_SHIP_HYPHEN" />
        <option value="DRY_ERASE_HYPHEN" />
        <option value="DT_BAIL_OUT" />
        <option value="DT_DT" />
        <option value="DT_JJ_NO_NOUN" />
        <option value="DT_PRP" />
        <option value="DT_RB_IN" />
        <option value="DT_RESPONDS" />
        <option value="DT_VBZ_THEYRE_NN" />
        <option value="DUCK_DUCT" />
        <option value="DUNKIN_DONUTS" />
        <option value="DUNNO" />
        <option value="DUN_DONT" />
        <option value="EACH_AND_EVERY" />
        <option value="EACH_EVERY_NNS" />
        <option value="EACH_OTHERS" />
        <option value="EAGER_TO" />
        <option value="EARLY_ADAPTER" />
        <option value="EARL_GREY" />
        <option value="EASE_EASY" />
        <option value="EASE_OFF_USE" />
        <option value="EASIEST_WAS_TO" />
        <option value="EASY_GOING_HYPHEN" />
        <option value="EAT_ANTIBIOTICS" />
        <option value="ECONOMICAL_ECONOMIC" />
        <option value="ECONOMIC_ECONOMICAL" />
        <option value="EDITOR_IN_CHIEF_HYPHEN" />
        <option value="EFFORT_AFFORD" />
        <option value="EGG_YOKE" />
        <option value="EG_NO_COMMA" />
        <option value="EG_SPACE" />
        <option value="ELDER_OLDER" />
        <option value="ELUDED_TO" />
        <option value="EMMANUEL_MACRON" />
        <option value="EMPHASIS_EMPHASIZE" />
        <option value="END_TO_END_HYPHEN" />
        <option value="ENGINED_HYPHEN" />
        <option value="ENGLISH_WORD_REPEAT_RULE" />
        <option value="ENGLISH_WRONG_WORD_IN_CONTEXT" />
        <option value="ENROLLED_IN_FOR" />
        <option value="ENTER_IN" />
        <option value="ENUMERATION_AND_DASHES" />
        <option value="ENVELOPE_ENVELOP" />
        <option value="ENVELOP_ENVELOPE" />
        <option value="EN_A_VS_AN" />
        <option value="EN_COMPOUNDS" />
        <option value="EN_CONTRACTION_SPELLING" />
        <option value="EN_DIACRITICS_REPLACE" />
        <option value="EN_MASS" />
        <option value="EN_SIMPLE_REPLACE" />
        <option value="EN_UNPAIRED_BRACKETS" />
        <option value="EN_US_SIMPLE_REPLACE" />
        <option value="EN_WORD_COHERENCY" />
        <option value="EQUALLY_AS" />
        <option value="ER" />
        <option value="ERDOGAN" />
        <option value="ESPECIALLY" />
        <option value="ESSENTIAL_ESSENTIALLY" />
        <option value="ESTABLISHED_FACT" />
        <option value="ETHER_EITHER" />
        <option value="ET_AL" />
        <option value="ET_ALL" />
        <option value="EVENT_EVEN" />
        <option value="EVERYDAY_EVERY_DAY" />
        <option value="EVERYONE_OF" />
        <option value="EVERY_EACH_SINGULAR" />
        <option value="EVERY_NOW_AND_THEN" />
        <option value="EVERY_SINCE" />
        <option value="EVERY_WHERE" />
        <option value="EVER_DAY" />
        <option value="EVER_EVERY" />
        <option value="EVER_SO_OFTEN" />
        <option value="EXCEPTION_OF_TO" />
        <option value="EXCEPTION_PREPOSITION_THE_RULE" />
        <option value="EXITED_EXCITED" />
        <option value="EXPLAIN_TO" />
        <option value="EXTEND_EXENT" />
        <option value="EXTREME_ADJECTIVES" />
        <option value="EYE_COMPOUNDS" />
        <option value="E_G" />
        <option value="FACE_FIRST" />
        <option value="FACTOR_HYPHEN" />
        <option value="FACT_CHECK_HYPHEN" />
        <option value="FAIRED_AS_WELL" />
        <option value="FAIRED_BADLY" />
        <option value="FAMOUS_CELEBRITY" />
        <option value="FARE_FAIR" />
        <option value="FAR_BE_IT_FOR_ME" />
        <option value="FAR_OF_FROM" />
        <option value="FEDEX" />
        <option value="FED_UP_OF_WITH" />
        <option value="FEED_BACK" />
        <option value="FEEL_TREE_TO" />
        <option value="FELLOW_CLASSMATE" />
        <option value="FEMALE_ACTOR" />
        <option value="FEMALE_WAITER" />
        <option value="FEWER_LESS" />
        <option value="FEWER_UNCOUNTABLE" />
        <option value="FEW_OCCASIONS" />
        <option value="FIGHTER_COMPOUNDS" />
        <option value="FIGURE_HEAD" />
        <option value="FIGURE_HYPHEN" />
        <option value="FILED_FIELD" />
        <option value="FILED_WITH" />
        <option value="FILL_OF_WITH" />
        <option value="FINE_TUNE_COMPOUNDS" />
        <option value="FIRSTLY_OF_ALL" />
        <option value="FIRST_AID_KIT" />
        <option value="FIRST_COME_FIRST_SERVED_COMMA" />
        <option value="FIRST_MAN_NOUN" />
        <option value="FIRST_OF_ALL" />
        <option value="FIRST_PERSON_SHOOTER" />
        <option value="FIRST_SERVED" />
        <option value="FIRST_WOMAN_NOUN" />
        <option value="FLAG_SHIP" />
        <option value="FLEE_MARKET" />
        <option value="FOCUS_IN" />
        <option value="FOLLOW_A_COURSE" />
        <option value="FOOD_BORNE_FOODBORN" />
        <option value="FOOT_FEET" />
        <option value="FORCE_FEED_HYPHEN" />
        <option value="FOREIGN_IMPORT" />
        <option value="FORE_FOR" />
        <option value="FORMALLY_KNOWN_AS" />
        <option value="FORMER_ALUMNUS" />
        <option value="FORREST_GUMP" />
        <option value="FORTH_PLACE" />
        <option value="FOR_ALL_INTENSIVE_PURPOSES" />
        <option value="FOR_ALONG_TIME" />
        <option value="FOR_AWHILE" />
        <option value="FOR_FRO" />
        <option value="FOR_GODS_SAKE_COMMA" />
        <option value="FOR_ITS_NN" />
        <option value="FOR_MY" />
        <option value="FOR_NOUN_SAKE" />
        <option value="FOR_SELL" />
        <option value="FOR_TIME_TO_TIME" />
        <option value="FOUD_FOUND" />
        <option value="FOUNT_FOUND" />
        <option value="FOUR_SEASON_HYPHEN" />
        <option value="FOWL_SWOOP" />
        <option value="FOX_NEWS" />
        <option value="FR" />
        <option value="FREE_GIFT" />
        <option value="FREE_LANCE" />
        <option value="FREE_LANCER" />
        <option value="FREE_LANCES" />
        <option value="FREE_LANCING" />
        <option value="FREE_REIGN" />
        <option value="FREQUENT_ASKED_QUESTIONS" />
        <option value="FRIEND_COMPOUNDS" />
        <option value="FRISBEE" />
        <option value="FROM_FORM" />
        <option value="FROM_THAN_ON" />
        <option value="FROM_X_Y" />
        <option value="FULL_COMPLIMENT_OF" />
        <option value="FULL_FILL" />
        <option value="FULL_WITH_OF" />
        <option value="FURTHER_ADIEU" />
        <option value="FURTHER_MORE_COMPOUND" />
        <option value="GAMEBOY" />
        <option value="GARDENERGARDEN_SNAKE" />
        <option value="GATHER_UP" />
        <option value="GAVE_GIVE" />
        <option value="GENERAL_XX" />
        <option value="GESTURE_OF_GREETING" />
        <option value="GETTED" />
        <option value="GET_A_JOB_IN_WITH" />
        <option value="GIMME" />
        <option value="GINI_COEFFICIENT" />
        <option value="GITHUB" />
        <option value="GIT_GET" />
        <option value="GIVE_ADVISE" />
        <option value="GLADY_GLADLY" />
        <option value="GLAD_WITH_ABOUT" />
        <option value="GOD_COMMA" />
        <option value="GOGGLE_GOOGLE" />
        <option value="GOING_ONE" />
        <option value="GOING_TO_JJ" />
        <option value="GOING_TO_VACATION" />
        <option value="GOING_TO_VBD" />
        <option value="GONNA" />
        <option value="GOOD_GOOF" />
        <option value="GOOD_IN_AT" />
        <option value="GOOD_IN_AT_GERUND" />
        <option value="GOOD_NEWS" />
        <option value="GOOD_WELL" />
        <option value="GOOGLE_PRODUCTS" />
        <option value="GOON" />
        <option value="GOTCHA" />
        <option value="GOTTA" />
        <option value="GOT_SHUTDOWN" />
        <option value="GOT_SHUTOUT" />
        <option value="GO_FOR_IT_GIRLS_COMMA" />
        <option value="GO_GERUND" />
        <option value="GO_GOT" />
        <option value="GO_TO_HOME" />
        <option value="GO_TO_HYPHEN" />
        <option value="GRADUATE_FROM" />
        <option value="GRANITE" />
        <option value="GRASPING_FOR_STRAWS" />
        <option value="GRATE_GREAT" />
        <option value="GREYS_ANATOMY" />
        <option value="GRILL_CHEESE" />
        <option value="GROUND_FIRST_FLOOR" />
        <option value="GROWLED_TO_AT" />
        <option value="GUARD_FROM_AGAINST" />
        <option value="GUEST_EDIT_HYPHEN" />
        <option value="GUEST_STARED" />
        <option value="GUES_GUESS" />
        <option value="GUILTY_FOR_OF" />
        <option value="GUILT_TRIP_HYPHEN" />
        <option value="HAD_HARD" />
        <option value="HAD_OF" />
        <option value="HAD_TOO" />
        <option value="HAD_TWO" />
        <option value="HAD_VBP" />
        <option value="HAIRS" />
        <option value="HAIR_COMPOUNDS" />
        <option value="HALF_HALVE" />
        <option value="HALO_HALLO" />
        <option value="HANDOVER" />
        <option value="HANDS_FREE_HYPHEN" />
        <option value="HANDS_ON_HYPHEN" />
        <option value="HAND_AND_HAND" />
        <option value="HAND_COMPOUNDS" />
        <option value="HAND_CUFF_COMPOUND" />
        <option value="HAND_FULL_COMPOUND" />
        <option value="HANGOUT_VERB" />
        <option value="HAPPED_HAPPENED" />
        <option value="HAPPEN_TO" />
        <option value="HAPPY_BIRTHDAY_COMMA" />
        <option value="HAPPY_CHRISTMAS" />
        <option value="HAPPY_EASTER" />
        <option value="HARDLY_NEVER" />
        <option value="HARDWARES" />
        <option value="HARD_WORKING_COMPOUND" />
        <option value="HARRISON_FORD" />
        <option value="HART_HARD" />
        <option value="HART_HEART" />
        <option value="HASNT_IRREGULAR_VERB" />
        <option value="HAST_O" />
        <option value="HAS_AS" />
        <option value="HAS_OUGHT" />
        <option value="HAVE_A_BREAKFAST" />
        <option value="HAVE_A_VBN" />
        <option value="HAVE_BIN" />
        <option value="HAVE_CD_YEARS" />
        <option value="HAVE_HAVE" />
        <option value="HAVE_HAVING" />
        <option value="HAVE_NO_VB" />
        <option value="HAVE_PART_AGREEMENT" />
        <option value="HAVE_RB_HAVE" />
        <option value="HAVE_TWITTER" />
        <option value="HAVNT" />
        <option value="HAWAIIAN" />
        <option value="HAY_DAY" />
        <option value="HEADED_HYPHEN" />
        <option value="HEAD_COMPOUNDS" />
        <option value="HEART_BROKEN_COMPOUND" />
        <option value="HEAR_HERE" />
        <option value="HEAVE_USE_OF" />
        <option value="HEAVY_WEIGHT" />
        <option value="HELL" />
        <option value="HELP_TO_FIND" />
        <option value="HEP" />
        <option value="HERE_HEAR" />
        <option value="HER_HEAR" />
        <option value="HEW_AND_CRY" />
        <option value="HE_BE" />
        <option value="HE_D_VBD" />
        <option value="HE_HIS" />
        <option value="HE_LIKE" />
        <option value="HE_NEED" />
        <option value="HE_SEAS" />
        <option value="HE_THE" />
        <option value="HE_VE" />
        <option value="HE_VERB_AGR" />
        <option value="HIDE_OF_FROM" />
        <option value="HIGH_END_HYPHEN" />
        <option value="HIGH_LIGHT" />
        <option value="HING" />
        <option value="HISTORIC_RECORD" />
        <option value="HIS_HE_S" />
        <option value="HITCH_HIKE_COMPOUNDS" />
        <option value="HIT_THE_BREAKS" />
        <option value="HIV_VIRUS" />
        <option value="HI_TIME" />
        <option value="HOE_HOW" />
        <option value="HOLDER_COMPOUNDS" />
        <option value="HOLE_COMPOUNDS" />
        <option value="HOME_COMPOUNDS" />
        <option value="HOME_COMPOUNDS_EN_US" />
        <option value="HOMO_ERECTUS" />
        <option value="HOMO_SAPIENS" />
        <option value="HONESTY_HONESTLY" />
        <option value="HONEST_TRUTH" />
        <option value="HOOD_COMPOUNDS" />
        <option value="HOUR_HYPHEN" />
        <option value="HOUR_OUR" />
        <option value="HOUSE_COMPOUNDS" />
        <option value="HOVER_BOARD" />
        <option value="HOW_COMPOUNDS" />
        <option value="HOW_DO_I_VB" />
        <option value="HOW_EVER" />
        <option value="HOW_TO_HYPHEN" />
        <option value="HOW_YOU_DOING" />
        <option value="HUMANS_BEINGS" />
        <option value="HUNDREDS_OF_THOUSAND" />
        <option value="IDK" />
        <option value="ID_WOULD" />
        <option value="IES_IZE" />
        <option value="IE_NO_COMMA" />
        <option value="IF_IS" />
        <option value="IF_IT_OK_FOR" />
        <option value="IF_OF" />
        <option value="IF_OR_NOT" />
        <option value="IF_THERE" />
        <option value="IF_VB_PCT" />
        <option value="IF_WHICH" />
        <option value="IF_WOULD_HAVE_VBN" />
        <option value="IF_YOU_ANY" />
        <option value="ILL_I_LL" />
        <option value="IMITATION_FROM_OF" />
        <option value="IMMINENT_DOMAIN" />
        <option value="IMPORTANT_WITH_TO" />
        <option value="IM_AM" />
        <option value="IM_I_M" />
        <option value="INCASE_OF" />
        <option value="INCH_HYPHEN" />
        <option value="INCORRECT_CONTRACTIONS" />
        <option value="INCORRECT_POSSESSIVE_APOSTROPHE" />
        <option value="INCORRECT_POSSESSIVE_FORM_AFTER_A_NUMBER" />
        <option value="INCREDIBLE_TO_BELIEVE" />
        <option value="INDEPENDENTLY_FROM_OF" />
        <option value="INDIAN_ENGLISH" />
        <option value="INDUSTRY_LEADING_NN" />
        <option value="INFORMATIONS" />
        <option value="INSIST_ON_GERUND" />
        <option value="INSPIRED_WITH" />
        <option value="INSURE_THAT" />
        <option value="INTENSIVE_PURPOSES" />
        <option value="INTENT_INTEND" />
        <option value="INTERESTED_BY" />
        <option value="INTEREST_ABOUT_IN" />
        <option value="INTEREST_FOR_IN" />
        <option value="INTERJECTIONS_PUNCTUATION" />
        <option value="INTERNATIONAL_WORKERS_DAY_APOSTROPHE" />
        <option value="INTRODUCE_FOR_THE_FIRST_TIME" />
        <option value="INVALID_DATE" />
        <option value="INVOICE_OF_FOR" />
        <option value="IN_1990s" />
        <option value="IN_ALONG_TIME" />
        <option value="IN_ANYWAY" />
        <option value="IN_APP_HYPHEN" />
        <option value="IN_AT_A_PARTY" />
        <option value="IN_AT_THE_MORNING" />
        <option value="IN_AT_THE_TOP" />
        <option value="IN_A_HARRY" />
        <option value="IN_A_ISLAND" />
        <option value="IN_A_X_MANNER" />
        <option value="IN_CHARGE_FOR" />
        <option value="IN_CHARGE_OF_FROM" />
        <option value="IN_CHINA" />
        <option value="IN_EAR_HYPHEN" />
        <option value="IN_EDITION_TO" />
        <option value="IN_FACEBOOK" />
        <option value="IN_FROM_THE_PERSPECTIVE" />
        <option value="IN_FRONT_OF" />
        <option value="IN_FUTURE" />
        <option value="IN_JANUARY" />
        <option value="IN_LAWS" />
        <option value="IN_LONG_BEACH" />
        <option value="IN_LONG_ISLAND" />
        <option value="IN_LOVED_WITH" />
        <option value="IN_MASSE" />
        <option value="IN_NOWADAYS" />
        <option value="IN_ON_AN_ALBUM" />
        <option value="IN_ON_A_SECRET_MISSION" />
        <option value="IN_ON_A_TEAM" />
        <option value="IN_ON_A_TRIP" />
        <option value="IN_ON_BIRTHDAY" />
        <option value="IN_ON_THE_FOOT" />
        <option value="IN_ON_THE_RIGHT_HAND_SIDE" />
        <option value="IN_ON_THE_TEAM" />
        <option value="IN_ON_VACATION" />
        <option value="IN_ON_WEEKDAY" />
        <option value="IN_OR_WITH_REGARDS_TO_OF" />
        <option value="IN_PARENTHESIS" />
        <option value="IN_PAST" />
        <option value="IN_PRINCIPAL" />
        <option value="IN_PRP_THEN_IN_PRP" />
        <option value="IN_QUEENS" />
        <option value="IN_SANE" />
        <option value="IN_STEAD_OF" />
        <option value="IN_TACT" />
        <option value="IN_TERM_OF_PHRASE" />
        <option value="IN_THE_INTERNET" />
        <option value="IN_THE_MEAN_TIME_PHRASE" />
        <option value="IN_THE_MOMENT" />
        <option value="IN_THE_OUTSIDE" />
        <option value="IN_THE_PASSED" />
        <option value="IN_THE_SKIES" />
        <option value="IN_THIS_MOMENT" />
        <option value="IN_THIS_REGARDS" />
        <option value="IN_TITLED" />
        <option value="IN_TO_INTO" />
        <option value="IN_TO_VBD" />
        <option value="IN_VBZ_THEYRE_NN" />
        <option value="IN_VEIN" />
        <option value="IN_WEEKDAY" />
        <option value="IN_WHO" />
        <option value="IN_X_ORDER" />
        <option value="IN_YOU_RE_NN" />
        <option value="IRREGARDLESS" />
        <option value="IS_CAUSE_BY" />
        <option value="IS_CONTAINED_OF" />
        <option value="IS_EVEN_WORST" />
        <option value="IS_OWN" />
        <option value="IS_RB_BE" />
        <option value="IS_RENOWN_FOR" />
        <option value="IS_SHOULD" />
        <option value="IS_THERE_ANY_NNS" />
        <option value="IS_US" />
        <option value="IS_VBZ" />
        <option value="IS_WAS" />
        <option value="IS_WERE" />
        <option value="ITS_HAS" />
        <option value="ITS_IS" />
        <option value="ITS_JJS_NN" />
        <option value="ITS_JJ_NNSNN" />
        <option value="IT_IF" />
        <option value="IT_IS" />
        <option value="IT_IS_2" />
        <option value="IT_IS_DEPENDING_ON" />
        <option value="IT_IS_JJ_TO_VBG" />
        <option value="IT_IS_NO" />
        <option value="IT_IS_SURE" />
        <option value="IT_IT" />
        <option value="IT_ITS" />
        <option value="IT_SEAMS" />
        <option value="IT_SELF" />
        <option value="IT_SI" />
        <option value="IT_SOMETHING" />
        <option value="IT_VBZ" />
        <option value="IVE_HAVE" />
        <option value="I_A" />
        <option value="I_AFRAID" />
        <option value="I_AM_NOTE_SURE" />
        <option value="I_AM_WORRY" />
        <option value="I_AS_LOOKING" />
        <option value="I_BORN" />
        <option value="I_E" />
        <option value="I_EM" />
        <option value="I_FOR_ONE_VB_COMMA" />
        <option value="I_HERD" />
        <option value="I_IF" />
        <option value="I_ILL" />
        <option value="I_IN" />
        <option value="I_IS" />
        <option value="I_LIFE" />
        <option value="I_LOWERCASE" />
        <option value="I_MA" />
        <option value="I_M_MD" />
        <option value="I_NEVER_HAVE_BEEN" />
        <option value="I_NOT_JJ" />
        <option value="I_PERSONAL" />
        <option value="I_THIN" />
        <option value="I_WANDER_IF" />
        <option value="JACK_DANIELS" />
        <option value="JAILBREAKED" />
        <option value="JAPAN" />
        <option value="JAVA_SCRIPT" />
        <option value="JAY_Z" />
        <option value="JEALOUS_FROM_OF" />
        <option value="JENNIFER_ANISTON" />
        <option value="JESUS_CHRIS" />
        <option value="JIMMY_BUFFET" />
        <option value="JIMMY_HENDRIX" />
        <option value="JIVE_WITH" />
        <option value="JJS_OF_ALL_OTHER" />
        <option value="JOHNS_HOPKINS_UNIVERSITY" />
        <option value="JONG_UN" />
        <option value="KAMA_SUTRA" />
        <option value="KEEPER_COMPOUNDS" />
        <option value="KELLOGGS" />
        <option value="KEY_WORDS" />
        <option value="KICK_START_HYPHEN" />
        <option value="KIND_OF_A" />
        <option value="KIND_REGARD" />
        <option value="KIND_WITH_TO" />
        <option value="KINGS_COLLEGE" />
        <option value="KNEW_NEW" />
        <option value="KNOT_NOT" />
        <option value="KNOW_IT_ALL_HYPHEN" />
        <option value="KNOW_NOW" />
        <option value="LADIES_AND_GENTLEMAN" />
        <option value="LAID_AHEAD" />
        <option value="LAND_COMPOUNDS" />
        <option value="LAND_LOVER" />
        <option value="LANGUAGE_TOOL" />
        <option value="LARGE_NUMBER_OF" />
        <option value="LAST_BUT_NOT_LAST" />
        <option value="LATE_TERM_HYPHEN" />
        <option value="LAUGHING_STOCK" />
        <option value="LAUGH_OF_AT" />
        <option value="LAW_COMPOUNDS" />
        <option value="LAYING_AROUND" />
        <option value="LAYS_ATOP" />
        <option value="LAY_AROUND" />
        <option value="LCD_DISPLAY" />
        <option value="LC_AFTER_PERIOD" />
        <option value="LEAD_ROLL" />
        <option value="LEARN_NNNNS_ON_DO" />
        <option value="LEAST_COMPARATIVE" />
        <option value="LEAVE_TO_FOR" />
        <option value="LED" />
        <option value="LEHMANN_BROTHERS" />
        <option value="LEMME" />
        <option value="LESS_COMPARATIVE" />
        <option value="LESS_DOLLARSMINUTESHOURS" />
        <option value="LESS_MORE_THEN" />
        <option value="LES_LESS" />
        <option value="LETS_DONT" />
        <option value="LETS_LET" />
        <option value="LET_IS_VB" />
        <option value="LET_OBJECT" />
        <option value="LIEN_LINE" />
        <option value="LIFE_CHANGING_HYPHEN" />
        <option value="LIFE_COMPOUNDS" />
        <option value="LIGATURES" />
        <option value="LIGHTYEAR" />
        <option value="LIGHT_COMPOUNDS" />
        <option value="LIGHT_WEIGHT" />
        <option value="LIKELY_HOOD" />
        <option value="LINE_COMPOUNDS" />
        <option value="LING" />
        <option value="LINKEDIN" />
        <option value="LISTEN_TO_MOVIES" />
        <option value="LITHIUM_ION" />
        <option value="LITTLE_BIT" />
        <option value="LIVE_FROM_OFF" />
        <option value="LIVE_IN_ON_PLANET" />
        <option value="LIVE_LIFE" />
        <option value="LOCATED_ON_AT" />
        <option value="LOCKHEED_MARTIN" />
        <option value="LOGGED_IN_HYPHEN" />
        <option value="LOG_IN" />
        <option value="LONG_COMPOUNDS" />
        <option value="LONG_ISLAND_ICED_TEA" />
        <option value="LOOK_ATE" />
        <option value="LOOK_AT_TO" />
        <option value="LOOK_WATCH" />
        <option value="LOOSE_LOSE" />
        <option value="LOOSING_EFFORTRECORDSEASON" />
        <option value="LOOT_LOT" />
        <option value="LOREAL" />
        <option value="LOSE_LIVES" />
        <option value="LOSE_LOOSE" />
        <option value="LOSE_LOSS" />
        <option value="LOS_ANGELS" />
        <option value="LOTS_OF_NN" />
        <option value="LOT_OF" />
        <option value="LOT_S" />
        <option value="LOWERCASE_MONTHS" />
        <option value="LOWERCASE_NAME_APOSTROPHE_S" />
        <option value="LOW_COST_HYPHEN" />
        <option value="LOW_HANGING_FRUIT_HYPHEN" />
        <option value="LUNCH_TO_FOR" />
        <option value="LUV" />
        <option value="MACH_MUCH" />
        <option value="MAC_OS" />
        <option value="MAD_MADE" />
        <option value="MAH" />
        <option value="MAIL_IN_HYPHEN" />
        <option value="MAKER_COMPOUNDS" />
        <option value="MAKE_OVER_COMPOUND" />
        <option value="MAKE_SINCE" />
        <option value="MAKE_UP" />
        <option value="MANAGERIAL_REIGNS" />
        <option value="MANEGE" />
        <option value="MANGER_MANAGER" />
        <option value="MANGE_MANAGE" />
        <option value="MANOR_MANNER" />
        <option value="MANY_FEW_UNCOUNTABLE" />
        <option value="MANY_KINDS_OF" />
        <option value="MANY_NN" />
        <option value="MANY_NN_U" />
        <option value="MANY_TIME" />
        <option value="MANY_TO_MANY_HYPHEN" />
        <option value="MAN_COMPOUNDS" />
        <option value="MAN_MADE" />
        <option value="MAN_MEN" />
        <option value="MARKDOWN_NNP" />
        <option value="MARK_COMPOUNDS" />
        <option value="MARRIAGE_ANNIVERSARY" />
        <option value="MARRY_MERRY" />
        <option value="MARRY_WITH" />
        <option value="MAR_A_LAGO" />
        <option value="MASH_POTATOES" />
        <option value="MASSAGE_MESSAGE" />
        <option value="MASS_AGREEMENT" />
        <option value="MASTERS" />
        <option value="MASTERS_DISSERTATION_THESIS" />
        <option value="MATERIEL" />
        <option value="MATER_MATTER" />
        <option value="MATE_COMPOUNDS" />
        <option value="MAY_BE" />
        <option value="MAY_MANY" />
        <option value="MAY_MANY_MY" />
        <option value="MA_MY" />
        <option value="MCDONALDS" />
        <option value="MD_ABLE" />
        <option value="MD_BASEFORM" />
        <option value="MD_BE_NON_VBP" />
        <option value="MD_IT_JJ" />
        <option value="MD_NO_VB" />
        <option value="MD_WON_T" />
        <option value="MEAN_FOR_TO" />
        <option value="MEAN_WHILE" />
        <option value="MEED_MEET" />
        <option value="MENTION_ABOUT" />
        <option value="MERCEDES_BENZ" />
        <option value="MERCHANDIZE" />
        <option value="META_DATA" />
        <option value="METRIC_UNITS_EN_US" />
        <option value="ME_MYSELF_AND_I_COMMA" />
        <option value="MI" />
        <option value="MIAMI_DADE_HYPHEN" />
        <option value="MICROSOFT_PRODUCTS" />
        <option value="MIGHT_HAS_WELL" />
        <option value="MIGHT_PERHAPS" />
        <option value="MILE_HYPHEN" />
        <option value="MINUETS" />
        <option value="MINUS_WELL" />
        <option value="MISSING_APOSTROPHE_T" />
        <option value="MISSING_ARTICLE" />
        <option value="MISSING_COMMA_AFTER_INTRODUCTORY_PHRASE" />
        <option value="MISSING_COMMA_AFTER_WEEKDAY" />
        <option value="MISSING_COMMA_AFTER_YEAR" />
        <option value="MISSING_COMMA_BETWEEN_DAY_AND_YEAR" />
        <option value="MISSING_COMMA_THE_JJR_THE_JJR" />
        <option value="MISSING_COMMA_WITH_NNP" />
        <option value="MISSING_COMMA_WITH_TOO" />
        <option value="MISSING_GENITIVE" />
        <option value="MISSING_HYPHEN" />
        <option value="MISSING_NOUN" />
        <option value="MISSING_PAST_TENSE" />
        <option value="MISSING_PREPOSITION" />
        <option value="MISSING_TO_BEFORE_A_VERB" />
        <option value="MISSING_TO_BETWEEN_BE_AND_VB" />
        <option value="MISS_VERB" />
        <option value="MIS_MISS" />
        <option value="MODAL_OF" />
        <option value="MOLOTOV_COCKTAIL" />
        <option value="MONEY_BACK_HYPHEN" />
        <option value="MONEY_IS_NO_OPTION" />
        <option value="MONTH_HYPHEN" />
        <option value="MONTH_OF_XXXX" />
        <option value="MOORES_LAW" />
        <option value="MORE_A_JJ" />
        <option value="MOST_COMPARATIVE" />
        <option value="MOST_EVERYONE" />
        <option value="MOST_MUST" />
        <option value="MOST_OF_OUR_TIMES" />
        <option value="MOST_OF_THE_TIMES" />
        <option value="MOST_POPULACE" />
        <option value="MOST_SOME_OF_NNS" />
        <option value="MOST_SUPERLATIVE" />
        <option value="MOTHER-IN-LOW" />
        <option value="MOTIVATION_IN_TO" />
        <option value="MOTOR_COMPOUNDS" />
        <option value="MOUNT_FUJIYAMA" />
        <option value="MUCH_COUNTABLE" />
        <option value="MUCH_NEEDED_HYPHEN" />
        <option value="MULTIPLE_MULTIPLY" />
        <option value="MUSH_MUCH" />
        <option value="MUST_BE_DO" />
        <option value="MUST_HAVE" />
        <option value="MUST_HAVE_TO" />
        <option value="MUST_MOST" />
        <option value="MUST_OF_THE_TIME_MOST_OF_THE_TIME" />
        <option value="MUTE_POINT" />
        <option value="MY_BE" />
        <option value="NAIL_ON_THE_HEAD" />
        <option value="NAMED_IT_AS" />
        <option value="NATION_WIDE" />
        <option value="NDRANGHETA" />
        <option value="NE" />
        <option value="NEAR_BY" />
        <option value="NEAR_FROM_TO" />
        <option value="NED_NEED" />
        <option value="NEE" />
        <option value="NEEDLES_NEEDLESS" />
        <option value="NEEDNT_TO_DO_AND_DONT_NEED_DO" />
        <option value="NEEDS_FIXED" />
        <option value="NEED_HELPS" />
        <option value="NEED_TO_VBG" />
        <option value="NEITHER_NOR" />
        <option value="NEWS_COMPOUNDS" />
        <option value="NEW_COMER" />
        <option value="NEW_GUINEA" />
        <option value="NEW_ZEELAND" />
        <option value="NIB_NUB" />
        <option value="NIECE_NICE" />
        <option value="NIGH_NIGHT" />
        <option value="NIP_IT_IN_THE_BUTT" />
        <option value="NIT_NOT" />
        <option value="NNP_BASED" />
        <option value="NNS_IN_NNP_VBZ" />
        <option value="NN_CD_NN_CD_COMMA" />
        <option value="NN_NOT_JJ" />
        <option value="NOBLE_PRIZE" />
        <option value="NODT_DOZEN" />
        <option value="NON3PRS_VERB" />
        <option value="NONE_THE_LESS" />
        <option value="NON_ACTION_CONTINUOUS" />
        <option value="NON_ANTI_JJ" />
        <option value="NON_NONE" />
        <option value="NORTH_POLE" />
        <option value="NOTE_COMPOUNDS" />
        <option value="NOTE_TAKING_HYPHEN" />
        <option value="NOTHING_SUCH_AS" />
        <option value="NOT_AD_ALL" />
        <option value="NOT_JET" />
        <option value="NOT_US1" />
        <option value="NOUN_AROUND_IT" />
        <option value="NOW" />
        <option value="NOW_AND_DAYS" />
        <option value="NOW_ARE_THE_TIME" />
        <option value="NOW_A_DAYS" />
        <option value="NO_COMMA_BEFORE_INDIRECT_QUESTION" />
        <option value="NO_FAULT_HYPHEN" />
        <option value="NO_FLY_ZONE_HYPHEN" />
        <option value="NO_GO_HYPHEN" />
        <option value="NO_KNOW" />
        <option value="NO_NOT" />
        <option value="NO_NOW" />
        <option value="NO_SPACE_CLOSING_QUOTE" />
        <option value="NO_WHERE" />
        <option value="NUMBER_OF_NNS" />
        <option value="NUMEROUS_DIFFERENT" />
        <option value="NUT_NOT" />
        <option value="OBJECTIVE_C" />
        <option value="OBJECTIVE_CASE" />
        <option value="OBVIOUS_FOR" />
        <option value="OCCASION_TRANSITIVE_VERB_VERY_FORMAL" />
        <option value="OEDOMETER_ODOMETER" />
        <option value="OFFERED_IN_AT" />
        <option value="OFF_KEY_HYPHEN" />
        <option value="OFF_OF" />
        <option value="OFT_CHANCE" />
        <option value="OFT_HE" />
        <option value="OF_ALL_TIMES" />
        <option value="OF_ANY_OF" />
        <option value="OF_CAUSE" />
        <option value="OKEY_DOKEY" />
        <option value="OLD_WISE_TAILTALE" />
        <option value="OM" />
        <option value="ON-GOING" />
        <option value="ONCE_AND_A_WHILE" />
        <option value="ONES" />
        <option value="ONE_FELL_SWOOP" />
        <option value="ONE_IN_THE_SAME" />
        <option value="ONE_NIGHT_STAND_HYPHEN" />
        <option value="ONE_OF" />
        <option value="ONE_OF_THE_ONLY" />
        <option value="ONE_ONCE" />
        <option value="ONE_ORE" />
        <option value="ONE_PLURAL" />
        <option value="ONE_STOP_HYPHEN" />
        <option value="ONE_TERM_PRESIDENT_HYPHEN" />
        <option value="ONE_THE_ONE_HAND" />
        <option value="ON_ADDITION" />
        <option value="ON_BEHAVE" />
        <option value="ON_COMPOUNDS" />
        <option value="ON_EXCEL" />
        <option value="ON_FACT" />
        <option value="ON_FIRST_GLANCE" />
        <option value="ON_GOING" />
        <option value="ON_IN_A_HOSPITAL_BED" />
        <option value="ON_IN_A_MEETING" />
        <option value="ON_IN_CHARGE_OF" />
        <option value="ON_IN_THE_AFTERNOON" />
        <option value="ON_IN_THE_CORNER" />
        <option value="ON_IN_THE_MIDDLE" />
        <option value="ON_OF_THE" />
        <option value="ON_PAGE_HYPHEN" />
        <option value="ON_SKYPE" />
        <option value="ON_THE_CONTRAIRE" />
        <option value="ON_THE_LAMB" />
        <option value="ON_THE_NOVEL" />
        <option value="ON_THE_SAME_TOKEN" />
        <option value="ON_THE_SHELF" />
        <option value="OPEN_HEART_HYPHEN" />
        <option value="OPEN_OFFICE" />
        <option value="OPEN_PLAN_HYPHEN" />
        <option value="OPERATION_SYSTEM" />
        <option value="OPERA_BROWSER" />
        <option value="OPINION_POLE" />
        <option value="OPPOSITE_FROM_TO" />
        <option value="OPT_IN_HYPHEN" />
        <option value="ORDER_OF_WORDS_WITH_NOT" />
        <option value="ORDINAL_NUMBER_SUFFIX" />
        <option value="ORIGINALLY_BORN_IN" />
        <option value="OR_WAY_IT" />
        <option value="OTHER_THEN" />
        <option value="OTHER_WISE_COMPOUND" />
        <option value="OUGHT_SAY" />
        <option value="OURSELF" />
        <option value="OUTSIDE_OF" />
        <option value="OUTTA" />
        <option value="OUT_COME" />
        <option value="OUT_COMPOUNDS" />
        <option value="OUT_GROW" />
        <option value="OUT_OF_PLACE" />
        <option value="OUT_OF_SINK" />
        <option value="OUT_OF_THE_WAY" />
        <option value="OUT_SIDE" />
        <option value="OVERNIGHT" />
        <option value="OVER_COMPOUNDS" />
        <option value="OVER_EXAGGERATED" />
        <option value="OVER_LOOKED" />
        <option value="OVER_LOOKING" />
        <option value="OVER_RATED" />
        <option value="OVER_SEAS" />
        <option value="OVER_TIME" />
        <option value="OWNER_COMPOUNDS" />
        <option value="O_CLOCK" />
        <option value="O_TO" />
        <option value="PAPUA_NEW_GUINEA" />
        <option value="PARE_PAIR" />
        <option value="PARMESAN" />
        <option value="PARTICIPATE_TO_IN" />
        <option value="PASSED_PAST" />
        <option value="PASSIONATE_BY_ABOUT" />
        <option value="PASSIVE_VOICE" />
        <option value="PASSWORD_PROTECTED_HYPHEN" />
        <option value="PAST_EXPERIENCE_MEMORY" />
        <option value="PAST_PASTE" />
        <option value="PAST_TIME" />
        <option value="PAWN_OFF" />
        <option value="PAYED" />
        <option value="PAYPAL" />
        <option value="PAY_PAL" />
        <option value="PEACE_PIECE" />
        <option value="PEAK_HIS_INTEREST" />
        <option value="PEAK_PIQUE" />
        <option value="PEDAL_TO_THE_MEDAL" />
        <option value="PEDAL_TO_THE_METAL" />
        <option value="PEE_INSTALLED" />
        <option value="PEOPLE_VBZ" />
        <option value="PERSONAL_PERSONNEL" />
        <option value="PERSONA_NON_GRATA" />
        <option value="PERSON_HYPHEN" />
        <option value="PERSPECTIVES_ABOUT_ON" />
        <option value="PERS_PRONOUN_AGREEMENT" />
        <option value="PERS_PRON_CONTRACTION" />
        <option value="PER_SE" />
        <option value="PER_USER_BASIS_HYPHEN" />
        <option value="PHILLIPS_ARENA" />
        <option value="PHOTO_WITH_HIS_CAT" />
        <option value="PHRASE_REPETITION" />
        <option value="PH_D" />
        <option value="PICK_UP_COMPOUND" />
        <option value="PIC_PICK" />
        <option value="PIECE_HYPHEN" />
        <option value="PIGEON_ENGLISH" />
        <option value="PILATES" />
        <option value="PIN_NUMBER" />
        <option value="PLACE_COMPOUNDS" />
        <option value="PLANE_PLAIN" />
        <option value="PLAYOFF_BIRTH" />
        <option value="PLAYS_A_FACTOR" />
        <option value="PLAY_GAMES" />
        <option value="PLAY_WITH_FOR" />
        <option value="PLEASE_BE_VB" />
        <option value="PLEASE_NOT_THAT" />
        <option value="PLEASE_VB" />
        <option value="PLURAL_VERB_AFTER_THIS" />
        <option value="PM_IN_THE_EVENING" />
        <option value="POINT_BEING_IS_THAT" />
        <option value="POKEMON" />
        <option value="POKEMONS" />
        <option value="POKEMON_GO" />
        <option value="PORTLAND_TRAILBLAZERS" />
        <option value="POSSESSIVE_APOSTROPHE" />
        <option value="POSSESSIVE_CASE" />
        <option value="POSSES_POSSESS" />
        <option value="POSSIBILTY_POSSIBLE" />
        <option value="POST_IT_NOTE_HYPHEN" />
        <option value="POWER_SHELL" />
        <option value="PRECEDENT_PRECEDENCE" />
        <option value="PREFER_INSTEAD_OF_TO" />
        <option value="PREFER_OVER_TO" />
        <option value="PREFER_TO_VBG" />
        <option value="PREPOSITION_VERB" />
        <option value="PRESIDENTS_DAY_APOSTROPHE" />
        <option value="PRESIDENT_TRUMP" />
        <option value="PRE_YEAR_HYPHEN" />
        <option value="PRICE_PRIZE" />
        <option value="PRICE_SENSIBILITY" />
        <option value="PRIME_TIME_HYPHEN" />
        <option value="PRINT_COMPOUNDS" />
        <option value="PRIVATE_INDUSTRY" />
        <option value="PRIZE_PRICE" />
        <option value="PROBLEM_SOLVE_HYPHEN" />
        <option value="PROFANITY" />
        <option value="PROGRESSIVE_VERBS" />
        <option value="PRONOUN_NOUN" />
        <option value="PROOF_COMPOUNDS" />
        <option value="PROSTRATE_PROSTATE" />
        <option value="PROVE_PROOF" />
        <option value="PRP_ABLE_TO" />
        <option value="PRP_BACKUP" />
        <option value="PRP_BOUGH" />
        <option value="PRP_CHECKIN" />
        <option value="PRP_CHECKOUT" />
        <option value="PRP_COMMA" />
        <option value="PRP_CUSTOM_BUILD" />
        <option value="PRP_DELT" />
        <option value="PRP_DINT" />
        <option value="PRP_DOCENT" />
        <option value="PRP_DON" />
        <option value="PRP_DOS" />
        <option value="PRP_DRYS" />
        <option value="PRP_FOND" />
        <option value="PRP_GOS" />
        <option value="PRP_HAFT" />
        <option value="PRP_HAVES" />
        <option value="PRP_HAVE_VB" />
        <option value="PRP_ILL_VB" />
        <option value="PRP_JJ" />
        <option value="PRP_KNOWNS" />
        <option value="PRP_MAYBE_JJ" />
        <option value="PRP_MD_CD_IN" />
        <option value="PRP_MD_NN" />
        <option value="PRP_MD_PRP_MD_COMMA" />
        <option value="PRP_MIGHT" />
        <option value="PRP_MUS" />
        <option value="PRP_NEDS" />
        <option value="PRP_NEW" />
        <option value="PRP_NOWS" />
        <option value="PRP_NO_VB" />
        <option value="PRP_PAST_PART" />
        <option value="PRP_PORTRAIT" />
        <option value="PRP_RB_JJ" />
        <option value="PRP_RB_NO_VB" />
        <option value="PRP_RESPONSE" />
        <option value="PRP_SAIS" />
        <option value="PRP_SOOTHS" />
        <option value="PRP_SUITES" />
        <option value="PRP_THE" />
        <option value="PRP_VB" />
        <option value="PRP_VBG" />
        <option value="PRP_VB_VB_TO" />
        <option value="PRP_WONT" />
        <option value="PRP_WUS" />
        <option value="PUBIC_X" />
        <option value="PUSH_UP_HYPHEN" />
        <option value="PUT_FOURTH_THEAAN" />
        <option value="QUESTION_MARK" />
        <option value="QUIET_QUITE" />
        <option value="QUI_BONO" />
        <option value="RACK_BRAIN" />
        <option value="RAIN_COMPOUNDS" />
        <option value="RATER_RATHER" />
        <option value="RATHER_THEN" />
        <option value="RATIONAL_RATIONALE" />
        <option value="RATIO_RATION" />
        <option value="REALMS_OF_POSSIBILITY" />
        <option value="REAP_WHAT_YOU_SEW" />
        <option value="REASON_IS_BECAUSE" />
        <option value="REASON_WHY" />
        <option value="RECOMMENDED_COMPOUNDS" />
        <option value="RED_LIGHT_HYPHEN" />
        <option value="RED_NOSED_REINDEER" />
        <option value="RED_READ" />
        <option value="REGARDING_TO" />
        <option value="REIGNS_OF_POWER" />
        <option value="RELATIVE_CLAUSE_AGREEMENT" />
        <option value="RELY_ON" />
        <option value="REPEATED_CURRENCY" />
        <option value="REPEAT_AGAIN" />
        <option value="REPERCUSSION_WITH_ON" />
        <option value="RESPECTFUL_AGAINST" />
        <option value="RESPONSIBLE_OF_FOR" />
        <option value="RETARDS_REGARDS" />
        <option value="RETURN_AT_HOME" />
        <option value="RETURN_BACK" />
        <option value="RETURN_IN_THE" />
        <option value="RE_CENT" />
        <option value="RE_DO_COMPOUND" />
        <option value="RID_FROM_OF" />
        <option value="RIGHT_OF_PASSAGE" />
        <option value="RIGHT_OVER" />
        <option value="RING_ITS_NECK" />
        <option value="RIO_GRANDE" />
        <option value="RITE_RIGHT" />
        <option value="RITE_WRITE" />
        <option value="ROAD_RODE" />
        <option value="RODROT_IRON" />
        <option value="ROLE_CALL" />
        <option value="ROLLER_SKATE_HYPHEN" />
        <option value="ROLLOUT_VERB" />
        <option value="ROLLS_ROYCE" />
        <option value="ROLL_COMPOUNDS" />
        <option value="ROLL_OUT_HYPHEN" />
        <option value="ROLL_PLAYER" />
        <option value="RONALD_REAGAN" />
        <option value="ROOM_APARTMENT_HYPHEN" />
        <option value="ROOM_COMPOUNDS" />
        <option value="ROTE_WROTE" />
        <option value="ROUND_A_BOUTS" />
        <option value="ROUTE_OF_THE_PROBLEM" />
        <option value="ROYAL_AIR_FORCE" />
        <option value="ROYAL_MAIL" />
        <option value="RUDE_SARCASTIC" />
        <option value="RUNNER_UP_HYPHEN" />
        <option value="RUN_ON_HYPHEN" />
        <option value="RUSTIC_COUNTRY" />
        <option value="SAFETY_DEPOSIT_BOX" />
        <option value="SAID_SAD" />
        <option value="SAINSBURYS" />
        <option value="SAINT_TROPEZ" />
        <option value="SALAAM_ALAIKUM" />
        <option value="SALSA_SAUCE" />
        <option value="SAME_SEX_HYPHEN" />
        <option value="SAMS_CLUB" />
        <option value="SANTA_CLAUS" />
        <option value="SAO_PAOLO" />
        <option value="SAVE_SAFE" />
        <option value="SAV_SAVE" />
        <option value="SAY_TELL" />
        <option value="SCENE_SEEN" />
        <option value="SCENT_SENT" />
        <option value="SCHITTS_CREEK" />
        <option value="SCHROEDINGER" />
        <option value="SEASONS_GREETINGS" />
        <option value="SEAT_HYPHEN" />
        <option value="SEA_COMPOUNDS" />
        <option value="SEEMING_SEEMS" />
        <option value="SEEM_SEEN" />
        <option value="SEEN_SEEM" />
        <option value="SEE_SEA" />
        <option value="SEE_SEEN" />
        <option value="SELF_ADMITTED" />
        <option value="SELF_FISH" />
        <option value="SEND_AN_EMAIL" />
        <option value="SEND_PRP_AN_EMAIL" />
        <option value="SENSE_OF_FALSE_HOPEPRIVACYSECURITY" />
        <option value="SENTENCE_FRAGMENT" />
        <option value="SENT_AN_EMAIL" />
        <option value="SENT_START_CONJUNCTIVE_LINKING_ADVERB_COMMA" />
        <option value="SENT_START_JJ_PLEASE_COMMA" />
        <option value="SENT_START_JJ_THAT_COMMA" />
        <option value="SENT_START_NUM" />
        <option value="SENT_START_THEM" />
        <option value="SEN_SEND" />
        <option value="SETUP_VERB" />
        <option value="SET_TOP_BOX_HYPHEN" />
        <option value="SEVEN_ELEVEN" />
        <option value="SEVERAL_OTHER" />
        <option value="SHELL_COMPOUNDS" />
        <option value="SHELL_WE" />
        <option value="SHIPPING_SHOPPING" />
        <option value="SHIT_SHOW_COMPOUND" />
        <option value="SHOE_IN" />
        <option value="SHORT_COMING" />
        <option value="SHORT_COMPARATIVES" />
        <option value="SHORT_CUT" />
        <option value="SHORT_SUPERLATIVES" />
        <option value="SHOULD_BE_DO" />
        <option value="SHOULD_VS_SHOULDER" />
        <option value="SHOUT_SHOULD" />
        <option value="SHOW_COMPOUNDS" />
        <option value="SHUTDOWN" />
        <option value="SIDE_COMPOUNDS" />
        <option value="SIDE_KICK" />
        <option value="SIDE_SITE" />
        <option value="SIGH_SIGHT" />
        <option value="SIGN_INTO" />
        <option value="SIGN_UP_HYPHEN" />
        <option value="SILL_STILL" />
        <option value="SIMILAR_LIKE_AS_SOMETHING" />
        <option value="SIMPLE_TO_USE_HYPHEN" />
        <option value="SINCE_FOR" />
        <option value="SINE_SINCE" />
        <option value="SINGULAR_AGREEMENT_SENT_START" />
        <option value="SINGULAR_VERB_AFTER_THESE_OR_THOSE" />
        <option value="SINKING_HIP" />
        <option value="SITE_SIDE" />
        <option value="SIT_ON_THE_COURT" />
        <option value="SI_UNITS_OF_MEASUREMENT_ADJECTIVES_BRE" />
        <option value="SI_UNITS_OF_MEASURMENT_ADJECTIVES_PLURAL" />
        <option value="SKY_COMPOUNDS" />
        <option value="SKY_DIVING" />
        <option value="SLIGHT_OF_HAND" />
        <option value="SLOW_MO" />
        <option value="SLUT_SHAME_HYPHEN" />
        <option value="SMALL_NUMBER_OF" />
        <option value="SMART_COMPOUNDS" />
        <option value="SNEAK_PEAK" />
        <option value="SOCIETE_GENERALE" />
        <option value="SOFTWARES" />
        <option value="SOMETIME_SOMETIMES" />
        <option value="SOME_EXTEND" />
        <option value="SOME_FACULTY" />
        <option value="SOME_HOW" />
        <option value="SOME_NN_VBP" />
        <option value="SOME_OF_THE" />
        <option value="SOME_WHAT_JJ" />
        <option value="SOME_WHERE" />
        <option value="SON_SOON" />
        <option value="SON_T" />
        <option value="SOON_TO_BE_HYPHEN" />
        <option value="SOUND_BYTE" />
        <option value="SOUND_GREAT" />
        <option value="SOUSE_CHEF" />
        <option value="SO_AS_TO" />
        <option value="SO_CALLED_HYPHEN" />
        <option value="SO_THEREFORE" />
        <option value="SPACEX" />
        <option value="SPACE_COMPOUNDS" />
        <option value="SPARE_OF_THE_MOMENT" />
        <option value="SPARKING_WINE" />
        <option value="SPEAK_SPEECH" />
        <option value="SPEND_IT_FOR" />
        <option value="SPIDERMAN" />
        <option value="SPILLING_ERROR" />
        <option value="SPINAL_CHORD" />
        <option value="SPLITTED" />
        <option value="SQUARED_SQUARE" />
        <option value="SQUARE_ROOT" />
        <option value="STAID" />
        <option value="STAIRS_COMPOUNDS" />
        <option value="STAND_ALONE_NN" />
        <option value="STARS_AND_STEPS" />
        <option value="STATE_OF_ART" />
        <option value="STATE_OF_THE_ART" />
        <option value="STATE_OF_THE_UNION" />
        <option value="STATIONARY_STATIONERY" />
        <option value="STATUE_OF_LIMITATIONS" />
        <option value="STEPS_TO_DO" />
        <option value="STEP_BY_STEP_HYPHEN" />
        <option value="STEP_COMPOUNDS" />
        <option value="STOCK_AND_TRADE" />
        <option value="STOP_HIM_OF_FROM" />
        <option value="STORY_HYPHEN" />
        <option value="STREET_LIGHTS_COMPOUND" />
        <option value="STRESS_OUT_FOR_OVER" />
        <option value="STRIKED" />
        <option value="STRIKE_A_CORD" />
        <option value="STRIPED_STRIPPED" />
        <option value="STRIPPED_STRIPED" />
        <option value="SUBJECT_MATTER" />
        <option value="SUBJECT_MATTER_HYPHEN" />
        <option value="SUBSEQUENT_TO" />
        <option value="SUFFER_OF_WITH" />
        <option value="SUFFICIENT_ENOUGH" />
        <option value="SUIT_COMPOUNDS" />
        <option value="SUMMER_TIME" />
        <option value="SUMMON_AT_TO" />
        <option value="SUPERIOR_THAN" />
        <option value="SUPERIOR_THAN_TO" />
        <option value="SUPERLATIVE_THAN" />
        <option value="SUPER_BOWL" />
        <option value="SUPER_COMPOUNDS" />
        <option value="SUPER_TUESDAY" />
        <option value="SUPPER" />
        <option value="SUPPOSE_TO" />
        <option value="SWORN_AFFIDAVIT" />
        <option value="TAB_TAP" />
        <option value="TAIL_COMPOUNDS" />
        <option value="TAIL_GATE_COMPOUND" />
        <option value="TAKEAWAY" />
        <option value="TAKE_AWHILE" />
        <option value="TAKE_IT_PERSONAL" />
        <option value="TAKE_THE_REIGNS" />
        <option value="TAKING_CASE_OF_IT" />
        <option value="TAKING_INTO_CONSIDERATION" />
        <option value="TALK_AT_TO" />
        <option value="TALK_DOWN_ABOUT_TO" />
        <option value="TANK_YOU" />
        <option value="TAT" />
        <option value="TATTLE-TAIL" />
        <option value="TECH_TEACH" />
        <option value="TEEM_TEAM" />
        <option value="TELEPHONE_POLL" />
        <option value="TEL_TELL" />
        <option value="TEMPORARY_BIVOUAC_BIVOUAC" />
        <option value="TEN_FOLD" />
        <option value="TESTES" />
        <option value="THANKS_GIVING" />
        <option value="THANKS_IN_ADVANCED" />
        <option value="THANKS_YOU" />
        <option value="THANKS_YOUR" />
        <option value="THANK_FULL" />
        <option value="THANK_NNP_PRP" />
        <option value="THANK_THANKS" />
        <option value="THANK_THE_NN" />
        <option value="THANK_YOU_MUCH" />
        <option value="THAN_I" />
        <option value="THAN_INTERJ" />
        <option value="THAN_THANK" />
        <option value="THATS_ITS" />
        <option value="THATS_THEYRE" />
        <option value="THATS_YOURE" />
        <option value="THAT_BEING_SAID" />
        <option value="THAT_I_WORK_FOR" />
        <option value="THAT_SOUND_GREAT" />
        <option value="THAT_S_YOU_RE" />
        <option value="THAT_THAN" />
        <option value="THAT_VERY_COOL" />
        <option value="THEE" />
        <option value="THEIR_IS" />
        <option value="THEIR_S" />
        <option value="THEMSELF" />
        <option value="THEM_SELVES" />
        <option value="THERAPEUTIC_TREATMENT" />
        <option value="THERE_AFTER" />
        <option value="THERE_EXITS" />
        <option value="THERE_FORE" />
        <option value="THERE_MISSING_VERB" />
        <option value="THERE_OWN" />
        <option value="THERE_RE_MANY" />
        <option value="THERE_S_MANY" />
        <option value="THERE_THEIR" />
        <option value="THERE_VBP_NN" />
        <option value="THERE_WAS_MANY" />
        <option value="THESE_ONES" />
        <option value="THEYRE_JJS_NN" />
        <option value="THEYRE_THEIR" />
        <option value="THEY_WARE" />
        <option value="THEY_WHERE" />
        <option value="THE_ADD_ON" />
        <option value="THE_ARE" />
        <option value="THE_BEST_WAY" />
        <option value="THE_BUILT" />
        <option value="THE_DUTCH" />
        <option value="THE_EXACTLY_THE" />
        <option value="THE_FALL_SEASON" />
        <option value="THE_FLEW" />
        <option value="THE_FRENCH" />
        <option value="THE_HEADQUARTER" />
        <option value="THE_HOT_DOG" />
        <option value="THE_HOW" />
        <option value="THE_IT" />
        <option value="THE_LATER_LATTER" />
        <option value="THE_MOST" />
        <option value="THE_NN_AND_THE_NN" />
        <option value="THE_ONLY_ON" />
        <option value="THE_POLISH" />
        <option value="THE_PROOF_IS_IN_THE_PUDDING" />
        <option value="THE_PUNCT" />
        <option value="THE_QUESTION_WH" />
        <option value="THE_SAME_AS" />
        <option value="THE_SENT_END" />
        <option value="THE_SOME_DAY" />
        <option value="THE_SUPERLATIVE" />
        <option value="THE_THEM" />
        <option value="THE_THEY" />
        <option value="THE_THIRD_PARTY" />
        <option value="THE_TO" />
        <option value="THE_US" />
        <option value="THE_WELSH" />
        <option value="THE_WORSE_OF" />
        <option value="THING_THINK" />
        <option value="THINK_IN_ABOUT" />
        <option value="THINK_OFF" />
        <option value="THINK_YOU_A" />
        <option value="THIS_MISSING_VERB" />
        <option value="THIS_NNS" />
        <option value="THIS_NNS_VB" />
        <option value="THIS_TOOLS" />
        <option value="THIS_TWO_MEN" />
        <option value="THIS_YEARS_POSSESSIVE_APOSTROPHE" />
        <option value="THOUGH_THOUGHT" />
        <option value="THOUGH_THROUGH" />
        <option value="THREE_NN" />
        <option value="THROUGH_AWAY" />
        <option value="THROUGH_OUT" />
        <option value="THROUGH_THOROUGH" />
        <option value="THROWS_THROES" />
        <option value="THRU" />
        <option value="THUNDER_COMPOUNDS" />
        <option value="TH_CENTURY" />
        <option value="TH_THORIUM" />
        <option value="TIFLIS" />
        <option value="TIK_TOK" />
        <option value="TIP_AND_TRICK" />
        <option value="TIRED_ABOUT_OF" />
        <option value="TIRED_OF_FROM" />
        <option value="TIS" />
        <option value="TODAY_MORNING" />
        <option value="TODAY_NIGHT" />
        <option value="TOILET" />
        <option value="TOME_TIME" />
        <option value="TOMORROW_POSSESSIVE_APOSTROPHE" />
        <option value="TONGUE_AND_CHEEK" />
        <option value="TOOL_LONG" />
        <option value="TOO_ADJECTIVE_TO" />
        <option value="TOO_CARDINAL_NUMBER" />
        <option value="TOO_DETERMINER" />
        <option value="TOO_EITHER" />
        <option value="TOO_LONG_PARAGRAPH" />
        <option value="TOO_LONG_SENTENCE" />
        <option value="TOO_TO" />
        <option value="TOO_TOOL" />
        <option value="TOO_TWO" />
        <option value="TOP_DOWN_HYPHEN" />
        <option value="TORCHER_TORTURE" />
        <option value="TOR_FOR" />
        <option value="TOR_TO" />
        <option value="TOSS_UP_HYPHEN" />
        <option value="TOT_HE" />
        <option value="TOW_THE_LINE" />
        <option value="TOW_TWO" />
        <option value="TO_ABLE" />
        <option value="TO_AIDE" />
        <option value="TO_BACKOUT" />
        <option value="TO_BATH" />
        <option value="TO_BLACKOUT" />
        <option value="TO_COMEBACK" />
        <option value="TO_FOUND_FIND_A_CURE" />
        <option value="TO_JJR_THAN" />
        <option value="TO_NON_BASE" />
        <option value="TO_ON_A_TRIP" />
        <option value="TO_RB_TO_VB" />
        <option value="TO_THE_MANOR_BORN" />
        <option value="TO_TOO" />
        <option value="TO_TWO" />
        <option value="TO_VB_ITS_NN" />
        <option value="TO_WHO_IT_MAY_CONCERN" />
        <option value="TO_WITHDRAWN" />
        <option value="TO__THEN_BY" />
        <option value="TR" />
        <option value="TRAIL_TRIAL" />
        <option value="TRAVELED_FOR" />
        <option value="TRAVELERS_CHECK" />
        <option value="TRAVEL_WITH_BY" />
        <option value="TREASURE_TROUGH" />
        <option value="TREE_THREE" />
        <option value="TRITE_AND_TRUE" />
        <option value="TROUGH_THROUGH" />
        <option value="TRUE_TO_WORD" />
        <option value="TRUE_TRUTH" />
        <option value="TRY_AND" />
        <option value="TRY_TRIAL" />
        <option value="TURKEY" />
        <option value="TURNED_OFF" />
        <option value="TURN_IT_OF" />
        <option value="TWICE_AS_COLD" />
        <option value="TWITTER" />
        <option value="TWO_CONNECTED_MODAL_VERBS" />
        <option value="TYP_TYPE" />
        <option value="T_HE" />
        <option value="T_REX" />
        <option value="UNCLEAR_NUCLEAR" />
        <option value="UNCLE_BENS" />
        <option value="UNDER_COMPOUNDS" />
        <option value="UNDER_COVER_COMPOUND" />
        <option value="UNDER_WEAR" />
        <option value="UNIT_SPACE" />
        <option value="UNLIKELY_OPENING_PUNCTUATION" />
        <option value="UNNECESSARY_COMMA" />
        <option value="UNTIED_STATES" />
        <option value="UP_COMPOUNDS" />
        <option value="UP_TO_DATA" />
        <option value="UR" />
        <option value="URINE_ANALYSIS" />
        <option value="USED_TO_COULD" />
        <option value="USE_TO_VERB" />
        <option value="US_USE" />
        <option value="U_RE" />
        <option value="VARIETIES_IN_OF" />
        <option value="VARY_MUCH" />
        <option value="VARY_VERY" />
        <option value="VBG_THEYRE" />
        <option value="VBG_YOURE" />
        <option value="VBN_BUY" />
        <option value="VBZ_IN_THEYRE_NN" />
        <option value="VBZ_VBD" />
        <option value="VB_A_WHILE" />
        <option value="VERB_APOSTROPHE_S" />
        <option value="VERB_IN_AT" />
        <option value="VERSE" />
        <option value="VERY_KNOWN" />
        <option value="VERY_MATCH" />
        <option value="VERY_THANKS_THANKS_A_LOT" />
        <option value="VERY_UNIQUE" />
        <option value="VE_DIDNT" />
        <option value="VE_GO_TO" />
        <option value="VE_HAVING" />
        <option value="VICTORIAS_SECRET" />
        <option value="VINTAGE_POINT" />
        <option value="VITAMIN_C" />
        <option value="VON_DER_LEYEN" />
        <option value="VULNERABLE_FROM_TO" />
        <option value="WAITING_MY_PATIENT_FINISH" />
        <option value="WAIT_AFTER_FOR" />
        <option value="WAIVED_OFF" />
        <option value="WAKE_UP_HYPHEN" />
        <option value="WALTER_REED" />
        <option value="WANNA" />
        <option value="WANT_BE" />
        <option value="WANT_ONE" />
        <option value="WANT_THAT_I" />
        <option value="WAN_T" />
        <option value="WAN_WANT" />
        <option value="WARE_COMPOUNDS" />
        <option value="WAR_WART" />
        <option value="WASENT" />
        <option value="WASEN_T" />
        <option value="WAS_ALOUD" />
        <option value="WAS_BEEN" />
        <option value="WAS_IS" />
        <option value="WAS_LAIN" />
        <option value="WAS_THERE_MANY" />
        <option value="WAS_WANDERING_IF" />
        <option value="WAY_COMPOUNDS" />
        <option value="WAY_SIDE" />
        <option value="WEAK_WEEK" />
        <option value="WEATHER_WHETHER" />
        <option value="WEB_COMPOUNDS" />
        <option value="WECHAT" />
        <option value="WED_WE_D" />
        <option value="WEEK_END" />
        <option value="WEEK_HYPHEN" />
        <option value="WEEK_LONG_HYPHEN" />
        <option value="WELL_IN_ON" />
        <option value="WELL_KNOWN" />
        <option value="WELL_WILL" />
        <option value="WENDYS" />
        <option value="WENT" />
        <option value="WEN_WE" />
        <option value="WERE_ARE" />
        <option value="WERE_MD" />
        <option value="WERE_VBB" />
        <option value="WERE_WE_RE" />
        <option value="WERE_WHERE" />
        <option value="WERNHER_VON_BRAUN" />
        <option value="WET_YOUR_APPETITE" />
        <option value="WE_BE" />
        <option value="WE_LL_WELL" />
        <option value="WE_RB_ARE_VB" />
        <option value="WHATCHA" />
        <option value="WHATS_APP" />
        <option value="WHAT_DID_VBD" />
        <option value="WHAT_DO_THAT" />
        <option value="WHAT_HOW" />
        <option value="WHAT_IS_YOU" />
        <option value="WHAT_IT_HAPPENING" />
        <option value="WHAT_IT_THE" />
        <option value="WHAT_TO_VBD" />
        <option value="WHAT_VBZ" />
        <option value="WHAT_WE_CALL_2" />
        <option value="WHAT_WOULD" />
        <option value="WHEEL_COMPOUNDS" />
        <option value="WHEEL_HYPHEN" />
        <option value="WHEN_IS_NNP_AND_NNP" />
        <option value="WHEN_WHERE" />
        <option value="WHERE_AS" />
        <option value="WHETHER" />
        <option value="WHIM_AND_A_PRAYER" />
        <option value="WHIP_CREAM" />
        <option value="WHITE_HOUSE" />
        <option value="WHIT_WHITE" />
        <option value="WHIT_WITH" />
        <option value="WHOLE_COMPOUNDS" />
        <option value="WHOLE_LOT" />
        <option value="WHOM_WHO" />
        <option value="WHORE_WORE" />
        <option value="WHOS" />
        <option value="WHOSE_DT" />
        <option value="WHOS_ACTUAL" />
        <option value="WHOS_NN" />
        <option value="WHOS_TO" />
        <option value="WHO_NOUN" />
        <option value="WHO_THAN" />
        <option value="WHO_VERB" />
        <option value="WHO_WHOM" />
        <option value="WIDE_COMPOUNDS" />
        <option value="WIFI" />
        <option value="WILDLY_ACCEPTED" />
        <option value="WILL_BASED_ON" />
        <option value="WILL_BECOMING" />
        <option value="WILL_IN_THE_FUTURE" />
        <option value="WILL_LIKE_TO" />
        <option value="WITCH_HAUNT" />
        <option value="WITCH_IS_WRONG" />
        <option value="WITHE_WITH" />
        <option value="WITHOUT_OUT" />
        <option value="WITH_OUT" />
        <option value="WITH_THE_EXCEPTION_OF" />
        <option value="WOLD_WOULD" />
        <option value="WOMAN_COMPOUNDS" />
        <option value="WOMAN_WOMEN" />
        <option value="WONT_CONTRACTION" />
        <option value="WONT_WANT" />
        <option value="WON_T_TO" />
        <option value="WORDPRESS" />
        <option value="WORD_ESSAY_HYPHEN" />
        <option value="WORD_WORLD" />
        <option value="WORKER_COMPOUNDS" />
        <option value="WORKING_PROGRESS" />
        <option value="WORKOUT_VERB" />
        <option value="WORK_AROUND_COMPOUND" />
        <option value="WORK_AS_A_CHARM" />
        <option value="WORK_COLLEAGUE" />
        <option value="WORK_IN_ON_A_PROJECT" />
        <option value="WORK_LIFE_BALANCE" />
        <option value="WORLDS_BEST" />
        <option value="WORLD_WIDE" />
        <option value="WORRY_FOR" />
        <option value="WORSE-CASE_SCENARIO" />
        <option value="WORSE_WORST" />
        <option value="WORST_COMES_TO_WORST" />
        <option value="WORST_WORSE" />
        <option value="WORTHY_COMPOUNDS" />
        <option value="WORTH_THAN" />
        <option value="WORTH_WHILE" />
        <option value="WOULD_BE_JJ_VB" />
        <option value="WOULD_NEVER_VBN" />
        <option value="WRB_THERE_THEY_RE" />
        <option value="WRECK_HAVOC" />
        <option value="WRIGHT_WRITE" />
        <option value="WRITER_COMPOUNDS" />
        <option value="WRITE_IN_MY_OWN_PAGE" />
        <option value="WRITE_UP_HYPHEN" />
        <option value="WRITINGPOLITICALSCIENCE_GAFF" />
        <option value="WRITINGPOLITICALSCIENCE_GAFFS" />
        <option value="WRITS_WRITES" />
        <option value="WRIT_WRITE" />
        <option value="WRONG_GENITIVE_APOSTROPHE" />
        <option value="WRONG_PRP_AT_SENT_START" />
        <option value="WROTE" />
        <option value="WUD_LIKE" />
        <option value="WURST_WORST" />
        <option value="YARD_COMPOUNDS" />
        <option value="YARD_HYPHEN" />
        <option value="YA_LL" />
        <option value="YEAR_20001" />
        <option value="YEAR_END_AND_YEAR_OUT" />
        <option value="YEAR_OLD_HYPHEN" />
        <option value="YEAR_OLD_PLURAL" />
        <option value="YELL_ON_AT" />
        <option value="YESTERDAY_NIGHT" />
        <option value="YOULL_WILL" />
        <option value="YOUR" />
        <option value="YOURE_JJS_NN" />
        <option value="YOURS_APOSTROPHE" />
        <option value="YOUR_LOVES_ONES" />
        <option value="YOUR_RE" />
        <option value="YOUR_SHOULD" />
        <option value="YOUR_YOU" />
        <option value="YOUR_YOU_2" />
        <option value="YOUR_YOU_RE" />
        <option value="YOUTUBE" />
        <option value="YOU_GOOD" />
        <option value="YOU_HAV" />
        <option value="YOU_R" />
        <option value="YOU_RE_AREN_T" />
        <option value="YOU_THING" />
        <option value="YOU_TUBE" />
        <option value="YO_TO" />
        <option value="Y_ALL" />
        <option value="ZERO-SUM_GAIN" />
        <option value="ZERO_DAY_EXPLOIT_HYPHEN" />
        <option value="Z_WAVE" />
      </set>
    </option>
  </component>
</application>