<application>
  <component name="AppStorage">
    <option name="newTranslationDialogCollapseDictViewer" value="false" />
    <option name="newTranslationDialogWidth" value="598" />
    <option name="newTranslationDialogX" value="796" />
    <option name="newTranslationDialogY" value="451" />
    <option name="pinNewTranslationDialog" value="true" />
    <histories>
      <item value="defined" />
      <item value="effectively" />
      <item value="Override" />
      <item value="resource" />
      <item value="framework-specific" />
      <item value="have" />
      <item value="raises" />
      <item value="handle it" />
      <item value="the signature" />
      <item value="scope" />
      <item value="targeting" />
      <item value="request" />
      <item value="made" />
      <item value="happen" />
      <item value="While the ``user`` fixture doesn't actually need to happen before the ``driver`` fixture, if we made ``driver`` request ``user``, it might save some time in the event that making the user raises an exception, since it won't bother trying to start the driver, which is a fairly expensive operation." />
      <item value="laid" />
      <item value="teardown" />
      <item value="verbosity" />
      <item value="tear" />
      <item value="complain" />
      <item value="Yield" />
      <item value="instead" />
      <item value="финализация" />
      <item value="package" />
      <item value="scopes" />
      <item value="exactly same" />
      <item value="for demo purposes" />
      <item value="connectivity" />
      <item value="Scope" />
      <item value="Autouse" />
      <item value="had on that object" />
      <item value="side" />
      <item value="reusable" />
      <item value="Assert" />
      <item value="Act" />
      <item value="Arrange" />
      <item value="requests" />
      <item value="Quick" />
      <item value="Requesting" />
      <item value="brittle" />
      <item value="mucking" />
      <item value="If chars is given and not None, remove characters in chars instead." />
      <item value="Return the string obtained by replacing the leftmost non-overlapping occurrences of the pattern in string by the replacement repl. repl can be either a string or a callable; if a string, backslash escapes in it are processed. If it is a callable, it's passed the Match object and must return a replacement string to be used.&quot;&quot;&quot;" />
      <item value="default" />
      <item value="A tuple of NavigableString subclasses. Any strings of a subclass not found in this list will be ignored. By default, this means only NavigableString and CData objects will be considered. So no comments, processing instructions, stylesheets, etc." />
      <item value="recursive: If this is True, find_all() will perform a recursive search of this PageElement's children. Otherwise, only the direct children will be considered" />
      <item value="&quot;&quot;&quot;Look in the children of this PageElement and find all PageElements that match the given criteria. All find_ methods take a common set of arguments. See the online documentation for detailed explanations. :param name: A filter on tag name. :param attrs: A dictionary of filters on attribute values. :param recursive: If this is True, find_all() will perform a recursive search of this PageElement's children. Otherwise, only the direct children will be considered. :param limit: Stop looking after finding this many results. :kwargs: A dictionary of filters on attribute values. :return: A ResultSet of PageElements. :rtype: bs4.element.ResultSet" />
      <item value="The encoding of the response content is determined based solely on HTTP headers, following RFC 2616 to the letter. If you can take advantage of non-HTTP knowledge to make a better guess at the encoding, you should set ``r.encoding`` appropriately before accessing this property." />
      <item value="behave" />
      <item value="xfail" />
    </histories>
    <option name="languageScores">
      <map>
        <entry key="ENGLISH" value="49" />
        <entry key="RUSSIAN" value="49" />
        <entry key="GREEK" value="1" />
      </map>
    </option>
  </component>
  <component name="Cache">
    <option name="lastTrimTime" value="1620694396182" />
  </component>
</application>