<application>
  <component name="AppStorage">
    <option name="newTranslationDialogCollapseDictViewer" value="false" />
    <option name="newTranslationDialogWidth" value="598" />
    <option name="newTranslationDialogX" value="796" />
    <option name="newTranslationDialogY" value="451" />
    <option name="pinNewTranslationDialog" value="true" />
    <histories>
      <item value="captured" />
      <item value="indentation" />
      <item value="passing" />
      <item value="teardown" />
      <item value="deprecation warnings" />
      <item value="deprecation" />
      <item value="so all caveats there apply." />
      <item value="upwards" />
      <item value="Additionally" />
      <item value="issuing" />
      <item value="color" />
      <item value="but is set by pytest internally with the name of the current test so other" />
      <item value="internally" />
      <item value="This contains" />
      <item value="glob patterns" />
      <item value="Interaction" />
      <item value="assert" />
      <item value="called" />
      <item value="early" />
      <item value="Bootstrapping" />
      <item value="are treated differently" />
      <item value="instance" />
      <item value="requiring" />
      <item value="applied" />
      <item value="Module names passed for filtering are not regex-escaped" />
      <item value="reference" />
      <item value="API Reference" />
      <item value="break" />
      <item value="It only effectively becomes an auotuse fixture for the contexts the real autouse fixture (the one that requested the non-autouse fixture) can apply to." />
      <item value="reach" />
      <item value="as well" />
      <item value="makes" />
      <item value="Fixtures that are requested by autouse fixtures effectively become autouse fixtures themselves for the tests that the real autouse fixture applies to" />
      <item value="flatten" />
      <item value="linearize" />
      <item value="case" />
      <item value="provided" />
      <item value="rules" />
      <item value="each one" />
      <item value="The rules provided by each fixture (as to what fixture(s) each one has to come after) are comprehensive enough that it can be flattened to this:" />
      <item value="map" />
      <item value="Within a function request for fixtures" />
      <item value="Higher-scoped fixtures" />
      <item value="Names of fixtures or tests, where they're defined, the order they're defined in, and the order fixtures are requested in have no bearing on execution order beyond coincidence." />
      <item value="scope" />
      <item value="once" />
      <item value="provide" />
      <item value="provides" />
      <item value="Fixtures don't have to be defined in this structure to be available for tests, though." />
      <item value="though" />
    </histories>
    <option name="languageScores">
      <map>
        <entry key="ENGLISH" value="226" />
        <entry key="DANISH" value="2" />
        <entry key="RUSSIAN" value="226" />
        <entry key="ROMANIAN" value="1" />
        <entry key="GREEK" value="1" />
      </map>
    </option>
  </component>
  <component name="Cache">
    <option name="lastTrimTime" value="1625708446064" />
  </component>
</application>