<application>
  <component name="AppStorage">
    <option name="newTranslationDialogCollapseDictViewer" value="false" />
    <option name="newTranslationDialogWidth" value="598" />
    <option name="newTranslationDialogX" value="796" />
    <option name="newTranslationDialogY" value="451" />
    <option name="pinNewTranslationDialog" value="true" />
    <histories>
      <item value="AUTO INCREMENT" />
      <item value="west" />
      <item value="outcomes" />
      <item value="Webinar" />
      <item value="porting" />
      <item value="Backporting" />
      <item value="affected by bugs" />
      <item value="transcript" />
      <item value="while holding back on features only made possible on newer Python versions." />
      <item value="hile holding back on features only made possible on newer Python versions." />
      <item value="holding" />
      <item value="underway" />
      <item value="headless" />
      <item value="enterprise" />
      <item value="transparent" />
      <item value="Explanation" />
      <item value="background" />
      <item value="thriving" />
      <item value="assert statements" />
      <item value="statements" />
      <item value="detailed assertion introspection" />
      <item value="introspection" />
      <item value="Pythons" />
      <item value="better" />
      <item value="layouts" />
      <item value="leading" />
      <item value="promote poor test practices" />
      <item value="organization" />
      <item value="Test organization" />
      <item value="Conventions" />
      <item value="reporting mode" />
      <item value="expectations" />
      <item value="raised" />
      <item value="Assert" />
      <item value="helper" />
      <item value="that" />
      <item value="content" />
      <item value="that a certain exception is raised" />
      <item value="Assert that a certain exception is raised" />
      <item value="certain" />
      <item value="intelligently" />
      <item value="Advanced assertion introspection" />
      <item value="cases" />
      <item value="requires" />
      <item value="made it hard" />
      <item value="fixtures" />
      <item value="overview" />
      <item value="thus presents a nice method to get an overview of fixture management in your project" />
      <item value="scoping" />
      <item value="scopingcaching" />
    </histories>
    <option name="languageScores">
      <map>
        <entry key="ENGLISH" value="357" />
        <entry key="DANISH" value="2" />
        <entry key="RUSSIAN" value="358" />
        <entry key="ROMANIAN" value="2" />
        <entry key="SLOVAK" value="2" />
        <entry key="GREEK" value="1" />
      </map>
    </option>
  </component>
  <component name="Cache">
    <option name="lastTrimTime" value="1633981199293" />
  </component>
</application>